license,rightsHolder,Source,occurrenceID,lifeStage,year,month,day,countryCode,stateProvince,county,latitude,longitude,species
CC_BY_NC_4_0,George Sims,iNaturalist Observations,https://www.inaturalist.org/observations/80051126,,2009,6,1,US,Michigan,,42.503144,-83.860374,Agrilus planipennis
CC0_1_0,Regents of the University of Minnesota,UMSP UMSP,a58da254-38f3-43af-bdc2-e991fadbb847,,2009,11,17,US,Minnesota,Ramsey,,,Agrilus planipennis
CC0_1_0,,BISON BugGuide,1575549,Adult,2009,6,14,US,New York,Cattaraugus,,,Agrilus planipennis
CC0_1_0,,BISON BugGuide,360278,Adult,2009,8,11,US,Michigan,Benzie,,,Agrilus planipennis
