license,rightsHolder,Source,occurrenceID,lifeStage,year,month,day,countryCode,stateProvince,county,latitude,longitude,species
CC_BY_NC_4_0,edb3,iNaturalist Observations,https://www.inaturalist.org/observations/26405854,,2019,6,4,US,Virginia,,37.375739,-80.522014,Agrilus planipennis
CC_BY_NC_4_0,eknuth,iNaturalist Observations,https://www.inaturalist.org/observations/24916846,,2019,5,10,US,Minnesota,,45.41208,-94.05537,Agrilus planipennis
CC0_1_0,Regents of the University of Minnesota,UMSP UMSP,1d9cda2f-33f3-489e-8722-f7de8f81ee21,,2019,7,24,US,Minnesota,Olmsted,43.990668,-92.502306,Agrilus planipennis
CC0_1_0,Regents of the University of Minnesota,UMSP UMSP,2ca5351c-3d19-4ad4-b5d7-bb508749ac31,,2019,7,26,US,Minnesota,Ramsey,44.958187,-93.154606,Agrilus planipennis
CC0_1_0,Regents of the University of Minnesota,UMSP UMSP,a8ff0d89-b551-4c26-9ebf-a188eb11900a,,2019,7,13,US,Minnesota,Ramsey,44.958187,-93.154606,Agrilus planipennis
CC0_1_0,Regents of the University of Minnesota,UMSP UMSP,1261bd44-4d01-4026-867a-9868411e56b3,,2019,7,29,US,Minnesota,Olmsted,43.990668,-92.502306,Agrilus planipennis
CC0_1_0,Regents of the University of Minnesota,UMSP UMSP,42ac0cec-115f-4cb0-a16f-aa46a13ab41b,,2019,7,7,US,Minnesota,Olmsted,43.86368,-92.479388,Agrilus planipennis
CC0_1_0,Regents of the University of Minnesota,UMSP UMSP,beaf75e6-7826-4764-9843-27426b174e43,,2019,7,13,US,Minnesota,Ramsey,44.958187,-93.154606,Agrilus planipennis
CC0_1_0,Regents of the University of Minnesota,UMSP UMSP,df6befe8-6b03-4eab-9891-48fee7fcef05,,2019,7,29,US,Minnesota,Olmsted,43.990668,-92.502306,Agrilus planipennis
CC0_1_0,Regents of the University of Minnesota,UMSP UMSP,41b8b634-1cfb-4181-b557-fbc9e62ef1df,,2019,7,13,US,Minnesota,Olmsted,43.990668,-92.502306,Agrilus planipennis
CC0_1_0,Regents of the University of Minnesota,UMSP UMSP,e64582af-418c-4a1d-8488-f81650623e47,,2019,8,7,US,Minnesota,Olmsted,43.990668,-92.502306,Agrilus planipennis
CC0_1_0,Regents of the University of Minnesota,UMSP UMSP,00da717b-404f-4799-9e32-bac66a349d66,,2019,7,26,US,Minnesota,Ramsey,44.958187,-93.154606,Agrilus planipennis
CC0_1_0,Regents of the University of Minnesota,UMSP UMSP,2e2fed45-403d-40ee-9f84-6dea68026331,,2019,8,7,US,Minnesota,Ramsey,44.958187,-93.154606,Agrilus planipennis
CC0_1_0,Regents of the University of Minnesota,UMSP UMSP,a1d423c2-b87a-43b4-8090-700208f2142c,,2019,7,13,US,Minnesota,Olmsted,43.990668,-92.502306,Agrilus planipennis
CC0_1_0,Regents of the University of Minnesota,UMSP UMSP,2d71858b-7a94-4125-8ae4-2b17d9833e83,,2019,7,26,US,Minnesota,Ramsey,44.958187,-93.154606,Agrilus planipennis
CC0_1_0,Regents of the University of Minnesota,UMSP UMSP,d13ef763-4a58-4d2b-84d0-7c1813eed91b,,2019,7,24,US,Minnesota,Anoka,45.143564,-93.116667,Agrilus planipennis
CC0_1_0,Regents of the University of Minnesota,UMSP UMSP,c5edf6ce-1933-4d2e-a407-c993fd0eda1c,,2019,7,13,US,Minnesota,Ramsey,44.958187,-93.154606,Agrilus planipennis
CC0_1_0,Regents of the University of Minnesota,UMSP UMSP,cf53c973-6854-4631-8810-b20bd7a1edbf,,2019,7,24,US,Minnesota,Olmsted,44.002896,-92.444182,Agrilus planipennis
CC0_1_0,Regents of the University of Minnesota,UMSP UMSP,8b91ec18-b1bd-451a-b33e-cd87e02c9bd4,,2019,7,29,US,Minnesota,Olmsted,43.990668,-92.502306,Agrilus planipennis
CC0_1_0,Regents of the University of Minnesota,UMSP UMSP,67b1ee7f-a763-4dfb-ab6a-8869553ed90a,,2019,7,13,US,Minnesota,Ramsey,44.958187,-93.154606,Agrilus planipennis
CC0_1_0,Regents of the University of Minnesota,UMSP UMSP,296b73ff-2f06-4a63-812b-8e885c762e16,,2019,8,7,US,Minnesota,Olmsted,43.990668,-92.502306,Agrilus planipennis
CC0_1_0,Regents of the University of Minnesota,UMSP UMSP,a4c21d64-9058-44a3-a867-fbb98a8046c1,,2019,7,13,US,Minnesota,Olmsted,43.990668,-92.502306,Agrilus planipennis
CC0_1_0,Regents of the University of Minnesota,UMSP UMSP,d2a88d05-f1d5-49ab-bb81-8a6f2541f691,,2019,7,11,US,Minnesota,Anoka,45.143564,-93.116667,Agrilus planipennis
CC0_1_0,Regents of the University of Minnesota,UMSP UMSP,2b227805-5e58-4bd4-8b3b-c106a3c8d524,,2019,7,24,US,Minnesota,Olmsted,43.990668,-92.502306,Agrilus planipennis
CC0_1_0,Regents of the University of Minnesota,UMSP UMSP,1137eb7b-804c-446f-8bf8-f04b3f8a9e4e,,2019,7,30,US,Minnesota,Ramsey,44.958187,-93.154606,Agrilus planipennis
CC0_1_0,Regents of the University of Minnesota,UMSP UMSP,97965e2c-96b0-4959-b686-30a048b3afff,,2019,7,29,US,Minnesota,Anoka,45.132732,-93.149116,Agrilus planipennis
CC_BY_4_0,Benjamin Burgunder,iNaturalist Observations,https://www.inaturalist.org/observations/26459215,Adult,2019,6,5,US,Maryland,,39.331505,-76.620895,Agrilus planipennis
CC_BY_4_0,Peter Nathaniel Boyer,iNaturalist Observations,https://www.inaturalist.org/observations/22368381,,2019,4,7,US,Ohio,,40.816953,-82.02533,Agrilus planipennis
CC_BY_4_0,Noah Frade,iNaturalist Observations,https://www.inaturalist.org/observations/24741878,Adult,2019,5,7,US,Georgia,,34.060811,-84.257897,Agrilus planipennis
CC0_1_0,Charlie Hohn,iNaturalist Observations,https://www.inaturalist.org/observations/26871414,,2019,6,12,US,Vermont,,44.257434,-72.582558,Agrilus planipennis
CC_BY_NC_4_0,ageissel,iNaturalist Observations,https://www.inaturalist.org/observations/31796587,,2019,8,30,US,Michigan,,41.710555,-84.640574,Agrilus planipennis
CC_BY_NC_4_0,"M Ryan Woodcock, PhD",iNaturalist Observations,https://www.inaturalist.org/observations/31584782,,2019,8,26,US,New York,,42.927778,-78.855278,Agrilus planipennis
CC_BY_NC_4_0,Brian Wulker,iNaturalist Observations,https://www.inaturalist.org/observations/31858128,,2019,8,31,US,Ohio,,39.10062,-84.660935,Agrilus planipennis
CC_BY_NC_4_0,laurlou,iNaturalist Observations,https://www.inaturalist.org/observations/68887493,,2019,4,9,US,New York,,41.751278,-74.545303,Agrilus planipennis
CC_BY_NC_4_0,sferrjet,iNaturalist Observations,https://www.inaturalist.org/observations/56286134,,2019,12,6,US,New Jersey,,40.5042,-74.8975,Agrilus planipennis
CC_BY_NC_4_0,hallkayler,iNaturalist Observations,https://www.inaturalist.org/observations/31629943,,2019,8,27,US,Michigan,,41.986887,-86.561908,Agrilus planipennis
CC_BY_4_0,Michael Pirrello,iNaturalist Observations,https://www.inaturalist.org/observations/23753581,,2019,4,28,US,Pennsylvania,,40.345442,-75.202973,Agrilus planipennis
CC0_1_0,Lottery Discountz,iNaturalist Observations,https://www.inaturalist.org/observations/24931835,,2019,5,10,US,Maryland,,39.256371,-76.717598,Agrilus planipennis
CC_BY_NC_4_0,Margarita Lankford,iNaturalist Observations,https://www.inaturalist.org/observations/26284318,,2019,6,2,US,North Carolina,,35.9132,-79.055844,Agrilus planipennis
CC_BY_NC_4_0,Ashley M Bradford,iNaturalist Observations,https://www.inaturalist.org/observations/42813935,,2019,9,28,US,Maryland,,39.324875,-76.880517,Agrilus planipennis
CC_BY_NC_4_0,vagabondreports,iNaturalist Observations,https://www.inaturalist.org/observations/26016315,Adult,2019,5,29,US,Maryland,,39.020938,-77.109174,Agrilus planipennis
CC_BY_NC_4_0,Meghan,iNaturalist Observations,https://www.inaturalist.org/observations/39462941,,2019,9,14,US,Pennsylvania,,40.315597,-79.846666,Agrilus planipennis
CC_BY_NC_4_0,John G. Phillips,iNaturalist Observations,https://www.inaturalist.org/observations/36682506,,2019,12,15,US,Michigan,,43.57265,-86.430892,Agrilus planipennis
CC_BY_NC_4_0,Jared Gorrell,iNaturalist Observations,https://www.inaturalist.org/observations/26476415,,2019,6,5,US,Illinois,,38.738451,-88.672122,Agrilus planipennis
CC_BY_NC_4_0,Brad Walker,iNaturalist Observations,https://www.inaturalist.org/observations/30331379,,2019,8,5,US,New York,,42.478274,-76.450547,Agrilus planipennis
CC0_1_0,Lottery Discountz,iNaturalist Observations,https://www.inaturalist.org/observations/24931769,,2019,5,10,US,Maryland,,39.252018,-76.710739,Agrilus planipennis
CC0_1_0,Lottery Discountz,iNaturalist Observations,https://www.inaturalist.org/observations/24931731,,2019,5,10,US,Maryland,,39.249077,-76.712914,Agrilus planipennis
CC0_1_0,,CASC CASENT,urn:catalog:CAS:ENT:8454093,Adult,2019,6,27,US,Pennsylvania,Berks,40.426,-75.542,Agrilus planipennis
CC_BY_NC_4_0,bherson,iNaturalist Observations,https://www.inaturalist.org/observations/36648757,,2019,12,14,US,New York,,41.204756,-73.552377,Agrilus planipennis
CC0_1_0,Daniel Atha,iNaturalist Observations,https://www.inaturalist.org/observations/37140662,,2019,12,31,US,New York,,40.507304,-74.221481,Agrilus planipennis
CC_BY_NC_4_0,Dwayne Estes,iNaturalist Observations,https://www.inaturalist.org/observations/27741255,,2019,6,25,US,Virginia,,37.417617,-80.27385,Agrilus planipennis
CC_BY_NC_4_0,herpchaser,iNaturalist Observations,https://www.inaturalist.org/observations/27727440,,2019,6,26,US,Virginia,,38.779933,-77.38608,Agrilus planipennis
CC_BY_NC_4_0,pilcrowchevron,iNaturalist Observations,https://www.inaturalist.org/observations/27540023,,2019,6,23,US,New York,,40.615208,-73.998552,Agrilus planipennis
CC0_1_0,askalotl,iNaturalist Observations,https://www.inaturalist.org/observations/27299472,,2019,6,19,US,Indiana,,39.504495,-85.669062,Agrilus planipennis
CC0_1_0,,BISON BugGuide,1656761,Adult,2019,4,28,US,Texas,Tarrant,,,Agrilus planipennis
CC0_1_0,,BISON BugGuide,1696219,Adult,2019,7,19,US,New York,Schuyler,,,Agrilus planipennis
CC0_1_0,,BISON BugGuide,1698902,Adult,2019,7,21,US,New York,Monroe,,,Agrilus planipennis
CC_BY_NC_4_0,bkmertz,iNaturalist Observations,https://www.inaturalist.org/observations/36758467,,2019,12,18,US,New York,,41.170137,-73.740442,Agrilus planipennis
CC_BY_NC_4_0,Paul Marcum,iNaturalist Observations,https://www.inaturalist.org/observations/21300970,,2019,3,16,US,Illinois,,40.143589,-87.744958,Agrilus planipennis
CC_BY_NC_4_0,bkmertz,iNaturalist Observations,https://www.inaturalist.org/observations/36540607,,2019,12,10,US,New York,,41.179405,-73.669783,Agrilus planipennis
CC_BY_NC_4_0,josh_rudder,iNaturalist Observations,https://www.inaturalist.org/observations/36001438,,2019,11,22,US,New York,,41.183067,-73.677537,Agrilus planipennis
CC_BY_NC_4_0,Maya,iNaturalist Observations,https://www.inaturalist.org/observations/28837287,,2019,7,12,US,Pennsylvania,,41.108108,-75.454899,Agrilus planipennis
CC_BY_4_0,Bill Keim,iNaturalist Observations,https://www.inaturalist.org/observations/35070187,Adult,2019,5,30,US,Pennsylvania,,40.301612,-75.035601,Agrilus planipennis
CC_BY_NC_4_0,Tim Howard,iNaturalist Observations,https://www.inaturalist.org/observations/33453719,,2019,9,26,US,New York,,42.597711,-73.710026,Agrilus planipennis
CC_BY_NC_4_0,Jeremy Collison,iNaturalist Observations,https://www.inaturalist.org/observations/32742078,,2019,8,30,US,New York,,42.480474,-76.449703,Agrilus planipennis
CC_BY_NC_4_0,bkmertz,iNaturalist Observations,https://www.inaturalist.org/observations/31955174,,2019,9,1,US,New York,,41.244063,-73.595703,Agrilus planipennis
CC_BY_NC_4_0,djm,iNaturalist Observations,https://www.inaturalist.org/observations/31863694,,2019,8,31,US,New York,,42.43945,-76.490172,Agrilus planipennis
CC0_1_0,mcmullenc14,iNaturalist Observations,https://www.inaturalist.org/observations/31800302,,2019,8,30,US,New York,,42.9688,-78.945432,Agrilus planipennis
CC_BY_NC_4_0,Kyle Jones,iNaturalist Observations,https://www.inaturalist.org/observations/31294804,,2019,8,22,US,New Hampshire,,43.164511,-71.509566,Agrilus planipennis
CC_BY_NC_4_0,Bryan Wright,iNaturalist Observations,https://www.inaturalist.org/observations/30937579,,2019,5,17,US,Virginia,,38.242667,-77.973865,Agrilus planipennis
CC_BY_NC_4_0,Doug Goldman,iNaturalist Observations,https://www.inaturalist.org/observations/30733121,,2019,5,21,US,North Carolina,,36.053332,-79.738636,Agrilus planipennis
CC_BY_NC_4_0,creeklady,iNaturalist Observations,https://www.inaturalist.org/observations/28461423,,2019,7,8,US,New York,,43.004198,-77.883525,Agrilus planipennis
CC_BY_NC_4_0,Brad Walker,iNaturalist Observations,https://www.inaturalist.org/observations/30331357,,2019,8,5,US,New York,,42.478274,-76.450547,Agrilus planipennis
CC_BY_NC_4_0,molly_reese45,iNaturalist Observations,https://www.inaturalist.org/observations/30265135,,2019,7,31,US,New York,,41.244562,-73.595017,Agrilus planipennis
CC_BY_NC_4_0,Brad Walker,iNaturalist Observations,https://www.inaturalist.org/observations/30220456,,2019,8,4,US,New York,,42.478274,-76.450547,Agrilus planipennis
CC_BY_NC_4_0,Brad Walker,iNaturalist Observations,https://www.inaturalist.org/observations/30220449,,2019,8,4,US,New York,,42.478274,-76.450547,Agrilus planipennis
CC_BY_NC_4_0,Shawn Billerman,iNaturalist Observations,https://www.inaturalist.org/observations/30221159,Adult,2019,8,4,US,New York,,42.480326,-76.450072,Agrilus planipennis
CC_BY_NC_4_0,Laura and Thomas Marlowe,iNaturalist Observations,https://www.inaturalist.org/observations/30066823,,2019,7,27,US,Wisconsin,,43.67563,-87.709259,Agrilus planipennis
CC_BY_NC_4_0,fireflydrake,iNaturalist Observations,https://www.inaturalist.org/observations/29915041,,2019,7,31,US,New York,,43.193538,-77.409988,Agrilus planipennis
CC_BY_NC_4_0,sschelble,iNaturalist Observations,https://www.inaturalist.org/observations/29095488,,2019,7,18,US,New York,,43.015389,-78.484558,Agrilus planipennis
CC_BY_NC_4_0,Devin Moon,iNaturalist Observations,https://www.inaturalist.org/observations/24754866,,2019,5,7,US,Arkansas,,33.346878,-93.184067,Agrilus planipennis
CC_BY_NC_4_0,suegregoire,iNaturalist Observations,https://www.inaturalist.org/observations/29124962,,2019,7,19,US,New York,,42.443508,-76.758202,Agrilus planipennis
CC_BY_NC_4_0,Alex Harman,iNaturalist Observations,https://www.inaturalist.org/observations/28973384,,2019,7,16,US,Wisconsin,,43.67709,-87.708413,Agrilus planipennis
CC_BY_NC_4_0,jm989,iNaturalist Observations,https://www.inaturalist.org/observations/28508440,,2019,7,9,US,Wisconsin,,43.038767,-87.902335,Agrilus planipennis
CC_BY_NC_4_0,Alex Harman,iNaturalist Observations,https://www.inaturalist.org/observations/28479462,,2019,7,8,US,Wisconsin,,42.765473,-90.524089,Agrilus planipennis
CC_BY_NC_4_0,octobertraveler,iNaturalist Observations,https://www.inaturalist.org/observations/28459255,,2019,7,8,US,Pennsylvania,,41.78363,-76.790475,Agrilus planipennis
CC_BY_NC_4_0,Spencer Hardy,iNaturalist Observations,https://www.inaturalist.org/observations/28373128,,2019,7,7,US,Vermont,,44.357514,-73.005303,Agrilus planipennis
CC_BY_NC_4_0,naturalist_dad,iNaturalist Observations,https://www.inaturalist.org/observations/27997880,,2019,7,1,US,Wisconsin,,42.960555,-88.099555,Agrilus planipennis
CC_BY_NC_4_0,rjslover,iNaturalist Observations,https://www.inaturalist.org/observations/27663839,,2019,6,25,US,Indiana,,39.621471,-86.168106,Agrilus planipennis
CC_BY_NC_4_0,Jackie Hoban,iNaturalist Observations,https://www.inaturalist.org/observations/27562142,Adult,2019,6,24,US,Maryland,,39.435627,-77.391579,Agrilus planipennis
CC_BY_NC_4_0,spyingnaturalist,iNaturalist Observations,https://www.inaturalist.org/observations/27349300,Adult,2019,6,20,US,Maryland,,39.197383,-76.7135,Agrilus planipennis
CC_BY_NC_4_0,Andrew Franceschini,iNaturalist Observations,https://www.inaturalist.org/observations/27218464,Adult,2019,6,18,US,New Jersey,,40.332915,-74.750771,Agrilus planipennis
CC_BY_NC_4_0,jackdreger,iNaturalist Observations,https://www.inaturalist.org/observations/27212043,,2019,6,18,US,New Jersey,,40.333016,-74.750744,Agrilus planipennis
CC_BY_NC_4_0,Chris Poling,iNaturalist Observations,https://www.inaturalist.org/observations/27203673,,2019,6,17,US,Ohio,,41.220027,-81.577136,Agrilus planipennis
CC_BY_NC_4_0,Pete Woods,iNaturalist Observations,https://www.inaturalist.org/observations/27163372,,2019,6,15,US,Pennsylvania,,39.819444,-79.4475,Agrilus planipennis
CC_BY_NC_4_0,Andrejs Brolis,iNaturalist Observations,https://www.inaturalist.org/observations/27098655,Adult,2019,6,16,US,District of Columbia,,38.931145,-76.993149,Agrilus planipennis
CC_BY_NC_4_0,bonnie_long,iNaturalist Observations,https://www.inaturalist.org/observations/26649664,Adult,2019,6,8,US,Virginia,,38.832785,-77.994634,Agrilus planipennis
CC_BY_NC_4_0,skenneth,iNaturalist Observations,https://www.inaturalist.org/observations/24677274,,2019,5,6,US,Texas,,32.846244,-97.474677,Agrilus planipennis
CC_BY_NC_4_0,hitmewithyourmesomphix,iNaturalist Observations,https://www.inaturalist.org/observations/26299499,Adult,2019,6,1,US,Kentucky,,37.83391,-83.608566,Agrilus planipennis
CC_BY_NC_4_0,Chris Poling,iNaturalist Observations,https://www.inaturalist.org/observations/26084891,,2019,5,30,US,Ohio,,40.944603,-81.700374,Agrilus planipennis
CC_BY_NC_4_0,ghughes,iNaturalist Observations,https://www.inaturalist.org/observations/26053701,,2019,5,29,US,Pennsylvania,,40.543065,-79.908306,Agrilus planipennis
CC_BY_NC_4_0,adfloyd,iNaturalist Observations,https://www.inaturalist.org/observations/25953625,Adult,2019,5,23,US,North Carolina,,35.773787,-80.083005,Agrilus planipennis
CC_BY_NC_4_0,Jason Love,iNaturalist Observations,https://www.inaturalist.org/observations/24235616,,2019,4,22,US,North Carolina,,35.059636,-83.431288,Agrilus planipennis
CC_BY_4_0,Evan M. Raskin,iNaturalist Observations,https://www.inaturalist.org/observations/25533204,Adult,2019,5,21,US,Virginia,,37.806143,-79.186173,Agrilus planipennis
CC_BY_NC_4_0,Dwayne Estes,iNaturalist Observations,https://www.inaturalist.org/observations/25517718,,2019,5,11,US,Virginia,,37.43432,-80.28723,Agrilus planipennis
CC_BY_4_0,John Abrams,iNaturalist Observations,https://www.inaturalist.org/observations/25171602,Adult,2019,5,15,US,Kentucky,,37.554375,-84.238708,Agrilus planipennis
CC_BY_4_0,Evan M. Raskin,iNaturalist Observations,https://www.inaturalist.org/observations/25139812,Adult,2019,5,14,US,Virginia,,37.092422,-80.111102,Agrilus planipennis
CC_BY_NC_4_0,John Plischke,iNaturalist Observations,https://www.inaturalist.org/observations/24905287,,2019,5,10,US,Pennsylvania,,40.399201,-79.328057,Agrilus planipennis
CC_BY_NC_4_0,kwixted0,iNaturalist Observations,https://www.inaturalist.org/observations/23500837,,2019,4,27,US,Maryland,,39.30722,-76.697777,Agrilus planipennis
CC_BY_4_0,Sam Kieschnick,iNaturalist Observations,https://www.inaturalist.org/observations/23848693,,2019,4,28,US,Texas,,32.849357,-97.490523,Agrilus planipennis
CC_BY_NC_4_0,goodloeerin,iNaturalist Observations,https://www.inaturalist.org/observations/23563135,,2019,4,27,US,Maryland,,39.306367,-76.69532,Agrilus planipennis
CC_BY_NC_4_0,Pete Woods,iNaturalist Observations,https://www.inaturalist.org/observations/23499825,,2019,4,27,US,Pennsylvania,,40.442097,-79.900277,Agrilus planipennis
CC_BY_NC_4_0,Chris Poling,iNaturalist Observations,https://www.inaturalist.org/observations/23218401,,2019,4,26,US,Ohio,,41.303269,-81.528309,Agrilus planipennis
CC_BY_NC_4_0,Amy Manning,iNaturalist Observations,https://www.inaturalist.org/observations/23205956,,2019,4,26,US,Minnesota,,45.179624,-93.085355,Agrilus planipennis
CC_BY_NC_4_0,Bea Leiderman,iNaturalist Observations,https://www.inaturalist.org/observations/22884056,,2019,4,22,US,Virginia,,37.469222,-77.670037,Agrilus planipennis
CC_BY_NC_4_0,crayshack,iNaturalist Observations,https://www.inaturalist.org/observations/22405981,,2019,4,13,US,Virginia,,38.972667,-77.36933,Agrilus planipennis
CC_BY_NC_4_0,Kendall,iNaturalist Observations,https://www.inaturalist.org/observations/22394282,,2019,3,1,US,New York,,41.22929,-73.577752,Agrilus planipennis
CC_BY_NC_4_0,josh_rudder,iNaturalist Observations,https://www.inaturalist.org/observations/20985213,,2019,3,3,US,New York,,42.292155,-73.5745,Agrilus planipennis
CC_BY_4_0,John Abrams,iNaturalist Observations,https://www.inaturalist.org/observations/19357918,,2019,1,1,US,Kentucky,,37.557232,-84.246094,Agrilus planipennis
CC_BY_NC_4_0,Kyle Jones,iNaturalist Observations,https://www.inaturalist.org/observations/20429052,,2019,2,17,US,Ohio,,39.674245,-82.934967,Agrilus planipennis
CC_BY_NC_4_0,Paul Marcum,iNaturalist Observations,https://www.inaturalist.org/observations/20401025,,2019,2,16,US,Illinois,,40.24122,-87.781753,Agrilus planipennis
CC_BY_NC_4_0,dottiew,iNaturalist Observations,https://www.inaturalist.org/observations/19846719,,2019,1,4,US,New York,,41.294266,-73.996213,Agrilus planipennis
CC_BY_NC_4_0,dottiew,iNaturalist Observations,https://www.inaturalist.org/observations/19846713,,2019,1,4,US,New York,,41.294286,-73.996318,Agrilus planipennis
CC_BY_NC_4_0,dottiew,iNaturalist Observations,https://www.inaturalist.org/observations/19846705,,2019,1,4,US,New York,,41.2941,-73.996722,Agrilus planipennis
CC_BY_NC_4_0,dottiew,iNaturalist Observations,https://www.inaturalist.org/observations/19846722,,2019,1,4,US,New York,,41.294244,-73.996055,Agrilus planipennis
CC_BY_NC_4_0,hallm,iNaturalist Observations,https://www.inaturalist.org/observations/20161273,,2019,2,6,US,New York,,42.14144,-75.897128,Agrilus planipennis
CC_BY_NC_4_0,dottiew,iNaturalist Observations,https://www.inaturalist.org/observations/19846701,,2019,1,4,US,New York,,41.294132,-73.996296,Agrilus planipennis
CC_BY_NC_4_0,dottiew,iNaturalist Observations,https://www.inaturalist.org/observations/19846691,,2019,1,4,US,New York,,41.294201,-73.996104,Agrilus planipennis
CC_BY_NC_4_0,Taro Ietaka,iNaturalist Observations,https://www.inaturalist.org/observations/19664618,,2019,1,15,US,New York,,41.312275,-73.57529,Agrilus planipennis
CC_BY_NC_4_0,Jeff Skrentny,iNaturalist Observations,https://www.inaturalist.org/observations/19405802,,2019,1,3,US,Illinois,,41.978448,-87.739973,Agrilus planipennis
