license,rightsHolder,Source,occurrenceID,lifeStage,year,month,day,countryCode,stateProvince,county,latitude,longitude,species
CC0_1_0,Regents of the University of Minnesota,UMSP UMSP,06725dd6-cb38-4059-afb5-09f396e6b586,,2018,7,7,US,Minnesota,Ramsey,44.958187,-93.154606,Agrilus planipennis
CC0_1_0,Regents of the University of Minnesota,UMSP UMSP,bfa74381-82dc-4883-ac3e-b8883a93acbd,,2018,7,14,US,Minnesota,Olmsted,44.003917,-92.471016,Agrilus planipennis
CC0_1_0,Regents of the University of Minnesota,UMSP UMSP,8f2bc895-881e-44c5-92cf-3a2e173c1a64,,2018,7,18,US,Minnesota,Anoka,45.12788,-93.167352,Agrilus planipennis
CC0_1_0,Regents of the University of Minnesota,UMSP UMSP,f0d7090b-663b-4783-b67a-7cab82556233,,2018,7,7,US,Minnesota,Ramsey,44.958187,-93.154606,Agrilus planipennis
CC0_1_0,Regents of the University of Minnesota,UMSP UMSP,3fdf154e-f8bc-4601-a7b4-c3f3f84922ea,,2018,7,12,US,Minnesota,Olmsted,44.003917,-92.471016,Agrilus planipennis
CC0_1_0,Regents of the University of Minnesota,UMSP UMSP,a7558ac9-04d1-4a06-bb8a-351fed06e6ae,,2018,7,11,US,Minnesota,Ramsey,44.947459,-93.011506,Agrilus planipennis
CC0_1_0,Regents of the University of Minnesota,UMSP UMSP,db329056-1125-4af4-879f-f9e1e5a24cd6,,2018,7,26,US,Minnesota,Ramsey,44.947459,-93.011506,Agrilus planipennis
CC0_1_0,Regents of the University of Minnesota,UMSP UMSP,86a8431e-7057-4cda-ac5d-76f444ad6676,,2018,7,11,US,Minnesota,Ramsey,44.947459,-93.011506,Agrilus planipennis
CC0_1_0,Regents of the University of Minnesota,UMSP UMSP,bff72d2a-2d92-4b25-9ca3-6b9cc8ef616b,,2018,7,16,US,Minnesota,Ramsey,44.947459,-93.011506,Agrilus planipennis
CC0_1_0,Regents of the University of Minnesota,UMSP UMSP,ba607f35-8610-4fea-a62c-5b41be05aee7,,2018,7,11,US,Minnesota,Anoka,45.132707,-93.149148,Agrilus planipennis
CC0_1_0,Regents of the University of Minnesota,UMSP UMSP,7a12d814-7266-44bb-8175-12741f6f625b,,2018,7,3,US,Minnesota,Olmsted,44.003858,-92.470942,Agrilus planipennis
CC0_1_0,Regents of the University of Minnesota,UMSP UMSP,181f37bc-315e-472e-875f-4f865303283f,,2018,7,27,US,Minnesota,Anoka,45.12564,-93.16741,Agrilus planipennis
CC0_1_0,Regents of the University of Minnesota,UMSP UMSP,38d78b73-6c07-4319-b620-0998020cd19c,,2018,7,24,US,Minnesota,Ramsey,44.947459,-93.011506,Agrilus planipennis
CC0_1_0,Regents of the University of Minnesota,UMSP UMSP,8baac417-b143-4895-b632-117950a85567,,2018,7,22,US,Minnesota,Ramsey,45.032454,-93.15825,Agrilus planipennis
CC0_1_0,Regents of the University of Minnesota,UMSP UMSP,aec11d7d-75bb-4ffa-94f6-b15237ac3d4b,,2018,7,11,US,Minnesota,Anoka,45.12788,-93.167352,Agrilus planipennis
CC0_1_0,Regents of the University of Minnesota,UMSP UMSP,9db413a9-3c8a-433e-866f-e9eb668d0299,,2018,7,9,US,Minnesota,Olmsted,44.003858,-92.470942,Agrilus planipennis
CC0_1_0,Regents of the University of Minnesota,UMSP UMSP,600ab29d-272c-497a-943a-5536a24cfd06,,2018,7,11,US,Minnesota,Ramsey,44.947459,-93.011506,Agrilus planipennis
CC0_1_0,Regents of the University of Minnesota,UMSP UMSP,b5fc5227-d6e9-4c5c-b7b6-a5ea06530e8c,,2018,7,10,US,Minnesota,Ramsey,44.947459,-93.011506,Agrilus planipennis
CC0_1_0,Regents of the University of Minnesota,UMSP UMSP,a10b0d39-1df5-474a-a039-80e83b05205f,,2018,7,11,US,Minnesota,Ramsey,44.947459,-93.011506,Agrilus planipennis
CC0_1_0,Regents of the University of Minnesota,UMSP UMSP,3c1d9f45-4875-47c0-9cf3-84e0706c3ec3,,2018,7,7,US,Minnesota,Ramsey,44.958187,-93.154606,Agrilus planipennis
CC0_1_0,Regents of the University of Minnesota,UMSP UMSP,dde154a0-7d60-42bb-bdc9-39b1c407ab07,,2018,7,8,US,Minnesota,Ramsey,44.958185,-93.154597,Agrilus planipennis
CC0_1_0,Regents of the University of Minnesota,UMSP UMSP,77b983e0-1f5e-42b6-9ec3-2b9c5b4786cd,,2018,6,27,US,Minnesota,Ramsey,44.958187,-93.154606,Agrilus planipennis
CC0_1_0,Regents of the University of Minnesota,UMSP UMSP,56cc6d2f-94e3-45a5-8659-d0c80f16ef43,,2018,7,7,US,Minnesota,Ramsey,44.958187,-93.154606,Agrilus planipennis
CC0_1_0,Regents of the University of Minnesota,UMSP UMSP,e699ff61-0eeb-4d5f-a0b1-0db1fdb25c1f,,2018,6,29,US,Minnesota,Ramsey,44.958185,-93.154597,Agrilus planipennis
CC0_1_0,Regents of the University of Minnesota,UMSP UMSP,6838c18f-6a79-4c1c-94c4-77294647260c,,2018,7,16,US,Minnesota,Ramsey,44.947459,-93.011506,Agrilus planipennis
CC0_1_0,Regents of the University of Minnesota,UMSP UMSP,185e6864-40dd-490b-8dd0-5a397596dc0e,,2018,7,7,US,Minnesota,Ramsey,44.958187,-93.154606,Agrilus planipennis
CC0_1_0,Regents of the University of Minnesota,UMSP UMSP,81a51474-34c9-49d9-9e64-17bbc44fdfcb,,2018,7,17,US,Minnesota,Olmsted,44.003858,-92.470942,Agrilus planipennis
CC0_1_0,Regents of the University of Minnesota,UMSP UMSP,8bdfca86-c36a-49ea-a3d3-eddd9eb584a9,,2018,6,23,US,Minnesota,Ramsey,44.958187,-93.154606,Agrilus planipennis
CC0_1_0,Regents of the University of Minnesota,UMSP UMSP,6d0b1beb-f029-41cf-9145-23d04e46a3f5,,2018,7,7,US,Minnesota,Ramsey,44.958187,-93.154606,Agrilus planipennis
CC0_1_0,Regents of the University of Minnesota,UMSP UMSP,e5409a37-faf7-4a0c-854a-b5e76cc32197,,2018,7,3,US,Minnesota,Olmsted,44.052451,-92.415476,Agrilus planipennis
CC0_1_0,Regents of the University of Minnesota,UMSP UMSP,b68fe201-0176-4ce3-a86e-8890203c082c,,2018,7,16,US,Minnesota,Ramsey,44.958185,-93.154597,Agrilus planipennis
CC0_1_0,Regents of the University of Minnesota,UMSP UMSP,8f3d84f9-104b-4814-afc2-cf740c7aa763,,2018,7,7,US,Minnesota,Ramsey,44.958187,-93.154606,Agrilus planipennis
CC0_1_0,Regents of the University of Minnesota,UMSP UMSP,110456e7-c193-482e-bc2f-77cbe8a67fa0,,2018,7,17,US,Minnesota,Olmsted,44.052451,-92.415476,Agrilus planipennis
CC0_1_0,Regents of the University of Minnesota,UMSP UMSP,701e9b46-ce80-4d92-a3ad-efe46bfda4eb,,2018,6,24,US,Minnesota,Ramsey,44.947459,-93.011506,Agrilus planipennis
CC0_1_0,Regents of the University of Minnesota,UMSP UMSP,8863532f-3a4c-4728-8f75-49b7ca309672,,2018,7,11,US,Minnesota,Ramsey,44.947459,-93.011506,Agrilus planipennis
CC0_1_0,Regents of the University of Minnesota,UMSP UMSP,51e8aa90-ba0e-4689-97b7-621e98073654,,2018,7,19,US,Minnesota,Ramsey,44.958187,-93.154606,Agrilus planipennis
CC_BY_4_0,Navin Sasikumar,iNaturalist Observations,https://www.inaturalist.org/observations/13497661,,2018,6,16,US,Pennsylvania,,40.013821,-75.190788,Agrilus planipennis
CC_BY_4_0,Jared Shorma,iNaturalist Observations,https://www.inaturalist.org/observations/14260765,Adult,2018,5,25,US,Colorado,,39.981888,-105.24108,Agrilus planipennis
CC0_1_0,Regents of the University of Minnesota,UMSP UMSP,6a9a9d4e-1c88-485b-9cdf-189086fa3c49,Adult,2018,7,21,US,Minnesota,Olmsted,44.031382,-92.439261,Agrilus planipennis
CC0_1_0,Regents of the University of Minnesota,UMSP UMSP,c8004871-d95d-4d71-9dfd-71db74431ce3,Adult,2018,7,16,US,Minnesota,Olmsted,44.023912,-92.442875,Agrilus planipennis
CC0_1_0,Regents of the University of Minnesota,UMSP UMSP,35c4ea8c-f8f7-4fe1-a4e7-ed88a9939cdf,Adult,2018,7,11,US,Minnesota,Olmsted,44.031382,-92.439261,Agrilus planipennis
CC0_1_0,Regents of the University of Minnesota,UMSP UMSP,0e0eb9a3-c551-4577-b1a1-6a62f325f3aa,Adult,2018,7,9,US,Minnesota,Houston,43.812442,-91.31113,Agrilus planipennis
CC0_1_0,Regents of the University of Minnesota,UMSP UMSP,894359dc-9716-4998-994f-ee7ad0e23be2,Adult,2018,7,17,US,Minnesota,Winona,44.092982,-92.015953,Agrilus planipennis
CC0_1_0,Regents of the University of Minnesota,UMSP UMSP,ea12b592-e301-4605-a13b-6b78c3da0c85,Adult,2018,7,22,US,Minnesota,Olmsted,44.031382,-92.439261,Agrilus planipennis
CC0_1_0,Regents of the University of Minnesota,UMSP UMSP,e5832146-4d4f-4b9b-a48c-ef8cdd4f79d2,Adult,2018,7,11,US,Minnesota,Olmsted,44.031382,-92.439261,Agrilus planipennis
CC0_1_0,Regents of the University of Minnesota,UMSP UMSP,7a19292d-d7c6-4245-a911-e76f4a46ce01,Adult,2018,7,11,US,Minnesota,Olmsted,44.031382,-92.439261,Agrilus planipennis
CC0_1_0,Regents of the University of Minnesota,UMSP UMSP,6b78a5b7-12bc-447d-b81c-b5021df529ca,Adult,2018,7,11,US,Minnesota,Olmsted,44.031382,-92.439261,Agrilus planipennis
CC0_1_0,Regents of the University of Minnesota,UMSP UMSP,f0b86fc2-9416-4eea-bc40-49875615bc15,Adult,2018,7,11,US,Minnesota,Olmsted,44.031382,-92.439261,Agrilus planipennis
CC0_1_0,Regents of the University of Minnesota,UMSP UMSP,c3128209-5545-4372-ba16-91f2abad8583,Adult,2018,7,7,US,Minnesota,Ramsey,44.999556,-93.053382,Agrilus planipennis
CC_BY_NC_4_0,MaLisa Spring,iNaturalist Observations,https://www.inaturalist.org/observations/10401476,,2018,3,24,US,Ohio,,39.882363,-82.0761,Agrilus planipennis
CC_BY_NC_4_0,benjesup,iNaturalist Observations,https://www.inaturalist.org/observations/37956001,,2018,7,2,US,Pennsylvania,,41.097861,-75.541336,Agrilus planipennis
CC_BY_NC_4_0,Danny,iNaturalist Observations,https://www.inaturalist.org/observations/37554426,,2018,7,17,US,Connecticut,,41.421524,-72.899504,Agrilus planipennis
CC0_1_0,,BISON BugGuide,1637485,Adult,2018,6,25,US,Wisconsin,Washington,,,Agrilus planipennis
CC0_1_0,,BISON BugGuide,1637484,Adult,2018,6,25,US,Wisconsin,Washington,,,Agrilus planipennis
CC0_1_0,,BISON BugGuide,1522143,Adult,2018,5,19,US,Kentucky,Bullitt,,,Agrilus planipennis
CC0_1_0,,BISON BugGuide,1637491,Adult,2018,6,25,US,Wisconsin,Washington,,,Agrilus planipennis
CC0_1_0,,BISON BugGuide,1637448,Adult,2018,6,25,US,Wisconsin,Washington,,,Agrilus planipennis
CC0_1_0,,BISON BugGuide,1545174,Adult,2018,6,18,US,Pennsylvania,Bucks,,,Agrilus planipennis
CC_BY_NC_4_0,Jessee J. Smith,iNaturalist Observations,https://www.inaturalist.org/observations/36165173,,2018,8,1,US,Ohio,,39.099922,-84.661164,Agrilus planipennis
CC_BY_NC_4_0,Paul Marcum,iNaturalist Observations,https://www.inaturalist.org/observations/17513010,,2018,10,14,US,Illinois,,40.214447,-87.745413,Agrilus planipennis
CC_BY_NC_4_0,jody klocko,iNaturalist Observations,https://www.inaturalist.org/observations/19215776,,2018,12,25,US,Pennsylvania,,41.332247,-75.90008,Agrilus planipennis
CC_BY_4_0,John Abrams,iNaturalist Observations,https://www.inaturalist.org/observations/9922558,,2018,2,19,US,Kentucky,,37.706822,-84.272387,Agrilus planipennis
CC_BY_NC_4_0,Seth Anderson,iNaturalist Observations,https://www.inaturalist.org/observations/20899822,,2018,9,11,US,Kentucky,,37.592124,-84.287778,Agrilus planipennis
CC_BY_NC_4_0,botanicalwanderer,iNaturalist Observations,https://www.inaturalist.org/observations/20208460,Adult,2018,6,17,US,Minnesota,,44.939657,-93.212728,Agrilus planipennis
CC0_1_0,Rob Norris,iNaturalist Observations,https://www.inaturalist.org/observations/19441611,,2018,12,27,US,Ohio,,41.413399,-81.75441,Agrilus planipennis
CC_BY_NC_4_0,gracejeschke,iNaturalist Observations,https://www.inaturalist.org/observations/19215517,,2018,12,25,US,Pennsylvania,,40.048814,-75.199447,Agrilus planipennis
CC_BY_NC_4_0,Kendall,iNaturalist Observations,https://www.inaturalist.org/observations/18921445,,2018,12,8,US,New York,,41.247618,-73.588186,Agrilus planipennis
CC_BY_NC_4_0,ozarkian,iNaturalist Observations,https://www.inaturalist.org/observations/19084918,,2018,12,17,US,Missouri,,39.780602,-94.803436,Agrilus planipennis
CC_BY_NC_4_0,Jeremy Collison,iNaturalist Observations,https://www.inaturalist.org/observations/19073166,,2018,12,16,US,New York,,42.483089,-74.009409,Agrilus planipennis
CC0_1_0,Yann Kemper,iNaturalist Observations,https://www.inaturalist.org/observations/19057505,,2018,12,16,US,Ohio,,39.141227,-84.517185,Agrilus planipennis
CC_BY_NC_4_0,,UMMZ ummzi,b1fd063c-5964-41e9-b421-ef5bdda18deb,Adult,2018,6,,US,,,42.585,-82.916,Agrilus planipennis
CC_BY_4_0,Sam Kieschnick,iNaturalist Observations,https://www.inaturalist.org/observations/14727449,,2018,7,25,US,Texas,,32.87564,-97.478545,Agrilus planipennis
CC_BY_NC_4_0,dottiew,iNaturalist Observations,https://www.inaturalist.org/observations/18779277,,2018,11,30,US,New York,,41.288678,-74.032701,Agrilus planipennis
CC_BY_NC_4_0,Doug Gilbert,iNaturalist Observations,https://www.inaturalist.org/observations/18598524,Adult,2018,5,27,US,Virginia,,37.324547,-80.41503,Agrilus planipennis
CC0_1_0,Mark Warman,iNaturalist Observations,https://www.inaturalist.org/observations/18303733,,2018,11,7,US,Ohio,,41.755588,-80.800055,Agrilus planipennis
CC_BY_NC_4_0,Khan,iNaturalist Observations,https://www.inaturalist.org/observations/18276608,,2018,11,8,US,Colorado,,39.714073,-104.799855,Agrilus planipennis
CC_BY_NC_4_0,observer26,iNaturalist Observations,https://www.inaturalist.org/observations/18190497,,2018,8,22,US,Illinois,,41.322128,-88.998253,Agrilus planipennis
CC_BY_4_0,KatieLMiller,iNaturalist Observations,https://www.inaturalist.org/observations/17648371,,2018,10,6,US,Illinois,,42.010189,-87.791017,Agrilus planipennis
CC_BY_NC_4_0,Jenny Glenn,iNaturalist Observations,https://www.inaturalist.org/observations/16339106,,2018,9,8,US,District of Columbia,,38.912863,-76.943281,Agrilus planipennis
CC_BY_NC_4_0,Bert Harris,iNaturalist Observations,https://www.inaturalist.org/observations/16331724,,2018,9,8,US,Virginia,,38.782088,-77.802588,Agrilus planipennis
CC_BY_NC_4_0,sarahmcquade1,iNaturalist Observations,https://www.inaturalist.org/observations/16294663,Adult,2018,7,10,US,Connecticut,,41.738788,-73.205703,Agrilus planipennis
CC_BY_NC_4_0,Jackie Hoban,iNaturalist Observations,https://www.inaturalist.org/observations/16053401,Adult,2018,6,11,US,Maryland,,39.435846,-77.391374,Agrilus planipennis
CC_BY_NC_4_0,mahpin,iNaturalist Observations,https://www.inaturalist.org/observations/15704827,,2018,8,17,US,Minnesota,,44.886563,-93.179289,Agrilus planipennis
CC_BY_NC_4_0,nataliemhowe,iNaturalist Observations,https://www.inaturalist.org/observations/15709304,Adult,2018,7,7,US,New Jersey,,41.140781,-74.830375,Agrilus planipennis
CC_BY_NC_4_0,Matt Reala,iNaturalist Observations,https://www.inaturalist.org/observations/15522956,,2018,8,16,US,New York,,42.086728,-73.975813,Agrilus planipennis
CC_BY_NC_4_0,E Barnes,iNaturalist Observations,https://www.inaturalist.org/observations/13788146,,2018,6,20,US,Indiana,,40.418045,-86.839188,Agrilus planipennis
CC_BY_NC_4_0,katericutsinger,iNaturalist Observations,https://www.inaturalist.org/observations/12713968,,2018,5,22,US,Indiana,,39.907892,-86.209817,Agrilus planipennis
CC_BY_NC_4_0,lsadler,iNaturalist Observations,https://www.inaturalist.org/observations/12708685,,2018,5,18,US,Indiana,,39.9082,-86.209528,Agrilus planipennis
CC_BY_4_0,Michael Ellis,iNaturalist Observations,https://www.inaturalist.org/observations/11683733,,2018,4,28,US,Maryland,,39.093595,-77.024589,Agrilus planipennis
CC_BY_NC_4_0,Alex Harman,iNaturalist Observations,https://www.inaturalist.org/observations/14422010,,2018,7,16,US,Wisconsin,,42.73472,-90.488939,Agrilus planipennis
CC_BY_NC_4_0,claudiarosen12,iNaturalist Observations,https://www.inaturalist.org/observations/14301333,,2018,7,12,US,New York,,42.557709,-79.13633,Agrilus planipennis
CC0_1_0,Ken-ichi Ueda,iNaturalist Observations,https://www.inaturalist.org/observations/12919050,,2018,5,28,US,Maryland,,39.289701,-76.799736,Agrilus planipennis
CC_BY_NC_4_0,lmcnamee21,iNaturalist Observations,https://www.inaturalist.org/observations/14446031,Adult,2018,6,20,US,New York,,42.663646,-73.80857,Agrilus planipennis
CC_BY_NC_4_0,Alex Harman,iNaturalist Observations,https://www.inaturalist.org/observations/14428078,,2018,7,16,US,Wisconsin,,42.73475,-90.488841,Agrilus planipennis
CC_BY_NC_4_0,entomologicalsocietyofracine,iNaturalist Observations,https://www.inaturalist.org/observations/14321550,,2018,7,13,US,Wisconsin,,42.756736,-87.782417,Agrilus planipennis
CC_BY_NC_4_0,Niki Dykstra,iNaturalist Observations,https://www.inaturalist.org/observations/14132964,,2018,7,7,US,Connecticut,,41.411533,-73.123061,Agrilus planipennis
CC_BY_NC_4_0,dabucci,iNaturalist Observations,https://www.inaturalist.org/observations/13363907,,2018,6,12,US,Maryland,,39.113041,-77.107175,Agrilus planipennis
CC_BY_NC_4_0,ladycasey,iNaturalist Observations,https://www.inaturalist.org/observations/12040549,,2018,4,30,US,Maryland,,38.768475,-77.02863,Agrilus planipennis
CC_BY_NC_4_0,pauldoxsee,iNaturalist Observations,https://www.inaturalist.org/observations/14057357,,2018,7,4,US,Wisconsin,,44.517803,-89.553059,Agrilus planipennis
CC_BY_NC_4_0,mahpin,iNaturalist Observations,https://www.inaturalist.org/observations/13717579,Adult,2018,6,23,US,Minnesota,,44.958255,-93.154602,Agrilus planipennis
CC_BY_NC_4_0,K Ag,iNaturalist Observations,https://www.inaturalist.org/observations/13487901,,2018,6,16,US,New York,,43.303028,-77.714034,Agrilus planipennis
CC_BY_4_0,Mathew Zappa,iNaturalist Observations,https://www.inaturalist.org/observations/13243437,,2018,6,8,US,Minnesota,,44.890676,-93.180808,Agrilus planipennis
CC0_1_0,Charlie Hohn,iNaturalist Observations,https://www.inaturalist.org/observations/12991068,,2018,5,31,US,Vermont,,44.257688,-72.582954,Agrilus planipennis
CC0_1_0,cassi saari,iNaturalist Observations,https://www.inaturalist.org/observations/12180138,,2018,5,5,US,Illinois,,42.06438,-88.268919,Agrilus planipennis
CC_BY_4_0,Michael Ellis,iNaturalist Observations,https://www.inaturalist.org/observations/11707670,,2018,4,28,US,Maryland,,39.090953,-77.023261,Agrilus planipennis
CC_BY_NC_4_0,Troy Evans,iNaturalist Observations,https://www.inaturalist.org/observations/10657725,,2018,4,6,US,Tennessee,,36.1655,-83.380837,Agrilus planipennis
CC_BY_NC_4_0,lisam,iNaturalist Observations,https://www.inaturalist.org/observations/11966489,,2018,4,29,US,Virginia,,38.622326,-77.534595,Agrilus planipennis
CC_BY_NC_4_0,stephanieoberle,iNaturalist Observations,https://www.inaturalist.org/observations/11943924,,2018,4,30,US,Maryland,,39.178863,-76.884524,Agrilus planipennis
CC_BY_NC_4_0,Jenny Glenn,iNaturalist Observations,https://www.inaturalist.org/observations/11872569,,2018,4,30,US,Maryland,,38.931762,-76.938899,Agrilus planipennis
CC0_1_0,cassi saari,iNaturalist Observations,https://www.inaturalist.org/observations/11790569,,2018,4,29,US,Illinois,,42.06603,-87.77434,Agrilus planipennis
CC_BY_4_0,Tamberly Conway,iNaturalist Observations,https://www.inaturalist.org/observations/11789900,,2018,4,29,US,Maryland,,38.922585,-76.906771,Agrilus planipennis
CC_BY_NC_4_0,Stephen Tirone,iNaturalist Observations,https://www.inaturalist.org/observations/11695526,,2018,4,28,US,Pennsylvania,,40.332012,-80.107636,Agrilus planipennis
CC_BY_NC_4_0,Chris Poling,iNaturalist Observations,https://www.inaturalist.org/observations/11679111,,2018,4,28,US,Ohio,,41.258343,-81.541756,Agrilus planipennis
CC_BY_NC_4_0,Martin J. Calabrese,iNaturalist Observations,https://www.inaturalist.org/observations/11431113,,2018,4,25,US,Ohio,,41.206112,-81.720001,Agrilus planipennis
CC_BY_NC_4_0,Kyle Jones,iNaturalist Observations,https://www.inaturalist.org/observations/11336408,,2018,4,22,US,New York,,42.036758,-74.127342,Agrilus planipennis
CC_BY_NC_4_0,Kyle Jones,iNaturalist Observations,https://www.inaturalist.org/observations/11314894,,2018,4,22,US,New York,,41.926437,-74.20163,Agrilus planipennis
CC_BY_NC_4_0,Kyle Jones,iNaturalist Observations,https://www.inaturalist.org/observations/11312182,,2018,4,22,US,New York,,41.928988,-74.202438,Agrilus planipennis
CC0_1_0,Charlie Hohn,iNaturalist Observations,https://www.inaturalist.org/observations/10911434,,2018,4,14,US,New York,,41.428373,-73.966671,Agrilus planipennis
CC_BY_NC_4_0,Erik Danielsen,iNaturalist Observations,https://www.inaturalist.org/observations/10585724,,2018,3,30,US,New York,,42.583076,-79.522341,Agrilus planipennis
CC_BY_NC_4_0,Tom Norton,iNaturalist Observations,https://www.inaturalist.org/observations/10524130,,2018,3,31,US,Maryland,,39.17722,-76.856372,Agrilus planipennis
CC0_1_0,Carrie Seltzer,iNaturalist Observations,https://www.inaturalist.org/observations/10466240,,2018,3,24,US,Indiana,,39.815953,-84.915955,Agrilus planipennis
CC_BY_NC_4_0,Paul G.,iNaturalist Observations,https://www.inaturalist.org/observations/10271028,,2018,3,14,US,Virginia,,38.858275,-78.168148,Agrilus planipennis
CC_BY_NC_4_0,Sara Rall,iNaturalist Observations,https://www.inaturalist.org/observations/10066856,,2018,2,21,US,New Jersey,,40.558091,-74.526014,Agrilus planipennis
CC_BY_NC_4_0,Jeff Skrentny,iNaturalist Observations,https://www.inaturalist.org/observations/9810246,,2018,2,10,US,Illinois,,41.980885,-87.742824,Agrilus planipennis
CC_BY_NC_4_0,naturegeek168,iNaturalist Observations,https://www.inaturalist.org/observations/9716095,,2018,1,29,US,Ohio,,40.933884,-81.102458,Agrilus planipennis
CC_BY_4_0,ksandsman,iNaturalist Observations,https://www.inaturalist.org/observations/9697126,,2018,2,1,US,Illinois,,41.212399,-88.026337,Agrilus planipennis
