license,rightsHolder,Source,occurrenceID,lifeStage,year,month,day,countryCode,stateProvince,county,latitude,longitude,species
CC_BY_NC_4_0,Museum of Texas Tech University,TTU TTU-Z,19ebb7ff-03e7-4158-8309-3e047255585c,,2011,6,21,US,Pennsylvania,Centre,40.794737,-77.625817,Agrilus planipennis
CC_BY_NC_4_0,Museum of Texas Tech University,TTU TTU-Z,47829782-5d49-4c95-adb9-71f9ca85db35,,2011,6,21,US,Pennsylvania,Centre,40.794737,-77.625817,Agrilus planipennis
CC_BY_NC_4_0,Museum of Texas Tech University,TTU TTU-Z,03fd9490-0ce4-46c5-81df-6f749e73d7d9,,2011,6,21,US,Pennsylvania,Centre,40.794737,-77.625817,Agrilus planipennis
CC_BY_NC_4_0,Museum of Texas Tech University,TTU TTU-Z,f41ee0cc-ab13-441b-a9ab-1ac49521aaa3,,2011,6,21,US,Pennsylvania,Centre,40.794737,-77.625817,Agrilus planipennis
CC_BY_NC_4_0,Museum of Texas Tech University,TTU TTU-Z,697275fc-701a-4fa6-aa9c-21cb036feb9e,,2011,6,21,US,Pennsylvania,Centre,40.794737,-77.625817,Agrilus planipennis
CC_BY_NC_4_0,Museum of Texas Tech University,TTU TTU-Z,5a3f3a89-6444-4d98-937d-7ec9f11d787d,,2011,6,21,US,Pennsylvania,Centre,40.794737,-77.625817,Agrilus planipennis
CC_BY_NC_4_0,Museum of Texas Tech University,TTU TTU-Z,aec22618-fb96-4efd-9554-a1e0891e03e6,,2011,6,21,US,Pennsylvania,Centre,40.794737,-77.625817,Agrilus planipennis
CC_BY_NC_4_0,Museum of Texas Tech University,TTU TTU-Z,fc262f0e-8cc3-424f-ba94-46ae9a1799f5,,2011,6,21,US,Pennsylvania,Centre,40.794737,-77.625817,Agrilus planipennis
CC_BY_NC_4_0,Museum of Texas Tech University,TTU TTU-Z,7b4bc589-6e63-443d-a103-ce2d42a6d8fe,,2011,6,21,US,Pennsylvania,Centre,40.794737,-77.625817,Agrilus planipennis
CC_BY_4_0,Jessica Lowery,iNaturalist Observations,https://www.inaturalist.org/observations/20303586,Adult,2011,6,7,US,Ohio,,40.100942,-82.899088,Agrilus planipennis
CC0_1_0,,BISON BugGuide,499221,Immature,2011,3,18,US,Michigan,Ingham,,,Agrilus planipennis
CC0_1_0,,BISON BugGuide,548681,Adult,2011,6,29,US,Illinois,Lake,,,Agrilus planipennis
CC0_1_0,,BISON BugGuide,528549,Adult,2011,6,12,US,Illinois,Cook,,,Agrilus planipennis
CC0_1_0,,BISON BugGuide,535635,Adult,2011,6,24,US,Illinois,Cook,,,Agrilus planipennis
CC0_1_0,,BISON BugGuide,603429,,2011,12,5,US,Illinois,Cook,,,Agrilus planipennis
CC_BY_NC_4_0,Charles Bartlett,UD UDCC,9663f075-594e-4a00-a47b-54afa136e83e,Adult,2011,6,15,US,Maryland,Prince George's,38.7364,-76.8261,Agrilus planipennis
CC_BY_NC_4_0,Charles Bartlett,UD UDCC,fc77f287-ac99-42ea-bc69-162f1bb3ff55,Adult,2011,6,15,US,Maryland,,,,Agrilus planipennis
