license,rightsHolder,Source,occurrenceID,lifeStage,year,month,day,countryCode,stateProvince,county,latitude,longitude,species
CC0_1_0,,BISON BugGuide,53271,Adult,2006,5,21,US,Michigan,Washtenaw,,,Agrilus planipennis
CC0_1_0,,BISON BugGuide,88515,Adult,2006,6,30,US,Michigan,Lenawee,,,Agrilus planipennis
CC0_1_0,,CHAS http://arctos.database.museum/collection/CHAS:Ento,http://arctos.database.museum/guid/CHAS:Ento:2017.10.774?seid=3684417,,2006,1,1,US,Michigan,Livingston County,42.533651,-83.786057,Agrilus planipennis
CC0_1_0,,CHAS http://arctos.database.museum/collection/CHAS:Ento,http://arctos.database.museum/guid/CHAS:Ento:2017.10.775?seid=3684418,,2006,1,1,US,Michigan,Livingston County,42.533651,-83.786057,Agrilus planipennis
CC0_1_0,,CHAS http://arctos.database.museum/collection/CHAS:Ento,http://arctos.database.museum/guid/CHAS:Ento:2017.10.773?seid=3684416,,2006,1,1,US,Michigan,Livingston County,42.533651,-83.786057,Agrilus planipennis
CC0_1_0,,CHAS http://arctos.database.museum/collection/CHAS:Ento,http://arctos.database.museum/guid/CHAS:Ento:2017.10.769?seid=3684412,,2006,1,1,US,Michigan,Livingston County,42.533651,-83.786057,Agrilus planipennis
CC0_1_0,,CHAS http://arctos.database.museum/collection/CHAS:Ento,http://arctos.database.museum/guid/CHAS:Ento:2017.10.776?seid=3684419,,2006,1,1,US,Michigan,Livingston County,42.533651,-83.786057,Agrilus planipennis
CC0_1_0,,CHAS http://arctos.database.museum/collection/CHAS:Ento,http://arctos.database.museum/guid/CHAS:Ento:2017.10.771?seid=3684414,,2006,1,1,US,Michigan,Livingston County,42.533651,-83.786057,Agrilus planipennis
CC0_1_0,,CHAS http://arctos.database.museum/collection/CHAS:Ento,http://arctos.database.museum/guid/CHAS:Ento:2017.10.768?seid=3684411,,2006,1,1,US,Michigan,Livingston County,42.533651,-83.786057,Agrilus planipennis
CC0_1_0,,CHAS http://arctos.database.museum/collection/CHAS:Ento,http://arctos.database.museum/guid/CHAS:Ento:2017.10.772?seid=3684415,,2006,1,1,US,Michigan,Livingston County,42.533651,-83.786057,Agrilus planipennis
CC0_1_0,,CHAS http://arctos.database.museum/collection/CHAS:Ento,http://arctos.database.museum/guid/CHAS:Ento:2017.10.770?seid=3684413,,2006,1,1,US,Michigan,Livingston County,42.533651,-83.786057,Agrilus planipennis
