license,rightsHolder,Source,occurrenceID,lifeStage,year,month,day,countryCode,stateProvince,county,latitude,longitude,species
CC0_1_0,,BISON BugGuide,329031,Adult,2004,7,13,US,Michigan,Oakland,,,Agrilus planipennis
CC0_1_0,,BISON BugGuide,27502,Adult,2004,7,11,US,Michigan,Oakland,,,Agrilus planipennis
CC0_1_0,,BISON BugGuide,27546,Adult,2004,7,11,US,Michigan,Oakland,,,Agrilus planipennis
CC_BY_4_0,,"C.A. Triplehorn Insect Collection, Ohio State University, Columbus, OH (OSUC) Insects",urn:lsid:biosci.ohio-state.edu:osuc_occurrences:OSUC__211415,Adult,2004,7,14,US,Michigan,Oakland,42.6592,-83.2397,Agrilus planipennis
