license,rightsHolder,Source,occurrenceID,lifeStage,year,month,day,countryCode,stateProvince,county,latitude,longitude,species
CC_BY_NC_4_0,Danny,iNaturalist Observations,https://www.inaturalist.org/observations/94990724,,2016,8,16,US,Connecticut,,41.421285,-72.902466,Agrilus planipennis
CC_BY_NC_4_0,Danny,iNaturalist Observations,https://www.inaturalist.org/observations/94990723,,2016,8,16,US,Connecticut,,41.420749,-72.902297,Agrilus planipennis
CC0_1_0,Regents of the University of Minnesota,UMSP UMSP,a918c676-2ed1-4631-b8e4-6cceab5a4092,,2016,6,29,US,Minnesota,Hennepin,44.966533,-93.231301,Agrilus planipennis
CC0_1_0,Regents of the University of Minnesota,UMSP UMSP,a8d2cfbb-40b6-4233-9f53-f6700c8e2c11,,2016,7,19,US,Minnesota,Hennepin,44.966533,-93.231301,Agrilus planipennis
CC0_1_0,Regents of the University of Minnesota,UMSP UMSP,0d24be86-7f21-4606-89e4-a4e71e931d97,,2016,7,12,US,Minnesota,Hennepin,44.966533,-93.231301,Agrilus planipennis
CC0_1_0,Regents of the University of Minnesota,UMSP UMSP,a2b0ce81-633e-46bb-978b-2ef6f9bbb274,,2016,6,29,US,Minnesota,Hennepin,44.966533,-93.231301,Agrilus planipennis
CC_BY_4_0,Matt Berger,iNaturalist Observations,https://www.inaturalist.org/observations/69907795,,2016,3,25,US,West Virginia,,39.644794,-79.969986,Agrilus planipennis
CC_BY_NC_4_0,Ian Shackleford,iNaturalist Observations,https://www.inaturalist.org/observations/51362728,Larva,2016,11,2,US,Michigan,,47.099999,-88.555205,Agrilus planipennis
CC_BY_4_0,Rob Curtis,iNaturalist Observations,http://www.inaturalist.org/observations/4753935,,2016,12,10,US,Ohio,,41.233671,-81.55323,Agrilus planipennis
CC_BY_NC_4_0,MaLisa Spring,iNaturalist Observations,http://www.inaturalist.org/observations/3434661,,2016,6,11,US,Ohio,,40.816173,-82.027486,Agrilus planipennis
CC_BY_NC_4_0,Seth Spinner,iNaturalist Observations,https://www.inaturalist.org/observations/44449601,,2016,3,3,US,Louisiana,,33.009029,-93.256918,Agrilus planipennis
CC_BY_4_0,Even Dankowicz,iNaturalist Observations,https://www.inaturalist.org/observations/18929052,Adult,2016,6,16,US,Illinois,,40.079927,-88.204416,Agrilus planipennis
CC_BY_4_0,Jim Spetz,iNaturalist Observations,http://www.inaturalist.org/observations/3493193,Adult,2016,6,20,US,Ohio,,41.761683,-81.286147,Agrilus planipennis
CC_BY_4_0,Bill Keim,iNaturalist Observations,http://www.inaturalist.org/observations/4738351,Adult,2016,7,3,US,Pennsylvania,,40.30162,-75.035569,Agrilus planipennis
CC0_1_0,,BISON BugGuide,1245874,Adult,2016,6,25,US,New York,Westchester,,,Agrilus planipennis
CC0_1_0,,BISON BugGuide,1233729,Adult,2016,6,5,US,Maryland,Anne Arundel,,,Agrilus planipennis
CC0_1_0,,BISON BugGuide,1258012,Adult,2016,7,2,US,Pennsylvania,Montour,,,Agrilus planipennis
CC0_1_0,,BISON BugGuide,1234100,Adult,2016,6,3,US,Virginia,Fairfax,,,Agrilus planipennis
CC0_1_0,,BISON BugGuide,1320977,Adult,2016,7,3,US,Pennsylvania,Bucks,,,Agrilus planipennis
CC_BY_NC_4_0,paul_dennehy,iNaturalist Observations,https://www.inaturalist.org/observations/10889585,Adult,2016,6,24,US,Pennsylvania,,40.969722,-76.580017,Agrilus planipennis
CC_BY_NC_4_0,Pete Woods,iNaturalist Observations,http://www.inaturalist.org/observations/4500906,,2016,9,14,US,Pennsylvania,,42.005877,-80.356175,Agrilus planipennis
CC_BY_4_0,Judy Gallagher,iNaturalist Observations,http://www.inaturalist.org/observations/4640256,,2016,6,3,US,Virginia,,38.68113,-77.253116,Agrilus planipennis
CC0_1_0,Carrie Seltzer,iNaturalist Observations,http://www.inaturalist.org/observations/4242665,,2016,8,22,US,District of Columbia,,38.915583,-76.952522,Agrilus planipennis
CC_BY_4_0,Rob Curtis,iNaturalist Observations,http://www.inaturalist.org/observations/3604764,,2016,7,1,US,Ohio,,41.365641,-81.461134,Agrilus planipennis
CC_BY_NC_4_0,Tyler Christensen,iNaturalist Observations,http://www.inaturalist.org/observations/3491963,Adult,2016,6,20,US,New York,,42.994145,-78.81778,Agrilus planipennis
CC_BY_NC_4_0,Brian Wulker,iNaturalist Observations,http://www.inaturalist.org/observations/3489269,,2016,6,18,US,Ohio,,39.830299,-81.730827,Agrilus planipennis
CC_BY_NC_4_0,Kelly Krechmer,iNaturalist Observations,http://www.inaturalist.org/observations/3395112,,2016,6,5,US,Virginia,,38.62407,-77.536475,Agrilus planipennis
CC0_1_0,Marcus Rosten,iNaturalist Observations,http://www.inaturalist.org/observations/3369477,,2016,5,31,US,New York,,42.890442,-78.717108,Agrilus planipennis
CC_BY_NC_4_0,Pete Woods,iNaturalist Observations,http://www.inaturalist.org/observations/3099117,,2016,5,4,US,Pennsylvania,,40.053942,-78.316515,Agrilus planipennis
CC_BY_NC_4_0,acparkranger,iNaturalist Observations,http://www.inaturalist.org/observations/3442569,,2016,6,12,US,Pennsylvania,,40.24172,-79.849757,Agrilus planipennis
CC_BY_NC_4_0,treeguy,iNaturalist Observations,http://www.inaturalist.org/observations/3422704,,2016,6,9,US,Texas,,32.665969,-94.178925,Agrilus planipennis
CC_BY_NC_4_0,Todd Cartner,iNaturalist Observations,http://www.inaturalist.org/observations/2702894,,2016,2,21,US,Ohio,,41.06488,-81.307017,Agrilus planipennis
CC_BY_NC_4_0,Martin J. Calabrese,iNaturalist Observations,http://www.inaturalist.org/observations/2644222,,2016,2,4,US,Ohio,,41.361408,-81.848274,Agrilus planipennis
