license,rightsHolder,Source,occurrenceID,lifeStage,year,month,day,countryCode,stateProvince,county,latitude,longitude,species
CC_BY_4_0,Andrew Conboy,iNaturalist Observations,https://www.inaturalist.org/observations/98732491,,2021,10,19,US,Pennsylvania,,40.118928,-75.265647,Agrilus planipennis
CC_BY_NC_4_0,swampmonster7,iNaturalist Observations,https://www.inaturalist.org/observations/98931569,,2021,7,15,US,New Jersey,,41.130439,-74.245999,Agrilus planipennis
CC_BY_NC_4_0,omnipresent_millipede,iNaturalist Observations,https://www.inaturalist.org/observations/98924666,,2021,6,19,US,New York,,42.496779,-76.575418,Agrilus planipennis
CC_BY_NC_4_0,John Waidner,iNaturalist Observations,https://www.inaturalist.org/observations/98528915,Larva,2021,10,17,US,Indiana,,39.919109,-86.185493,Agrilus planipennis
CC_BY_NC_4_0,merricks_02,iNaturalist Observations,https://www.inaturalist.org/observations/98574885,,2021,10,17,US,Wisconsin,,43.086347,-89.423608,Agrilus planipennis
CC_BY_NC_4_0,squashvineborer,iNaturalist Observations,https://www.inaturalist.org/observations/98676297,,2021,9,6,US,Iowa,,42.537673,-90.646377,Agrilus planipennis
CC_BY_NC_4_0,Laura Shappell,iNaturalist Observations,https://www.inaturalist.org/observations/97589390,,2021,10,4,US,New York,,41.195843,-73.739963,Agrilus planipennis
CC0_1_0,Chase G. Mayers,iNaturalist Observations,https://www.inaturalist.org/observations/98175723,,2021,10,13,US,Iowa,,42.034428,-93.648678,Agrilus planipennis
CC0_1_0,Chase G. Mayers,iNaturalist Observations,https://www.inaturalist.org/observations/98175670,,2021,10,13,US,Iowa,,42.034683,-93.648833,Agrilus planipennis
CC_BY_4_0,Andrew Conboy,iNaturalist Observations,https://www.inaturalist.org/observations/97954543,,2021,10,8,US,New York,,42.084633,-74.099717,Agrilus planipennis
CC_BY_4_0,Andrew Conboy,iNaturalist Observations,https://www.inaturalist.org/observations/96716101,,2021,9,30,US,Pennsylvania,,40.018357,-75.84159,Agrilus planipennis
CC_BY_NC_4_0,Patricia Butter,iNaturalist Observations,https://www.inaturalist.org/observations/94712778,,2021,9,13,US,New York,,41.114206,-73.816006,Agrilus planipennis
CC_BY_4_0,Andrew Conboy,iNaturalist Observations,https://www.inaturalist.org/observations/94744013,,2021,9,13,US,Pennsylvania,,40.00623,-75.403222,Agrilus planipennis
CC_BY_4_0,Andrew Conboy,iNaturalist Observations,https://www.inaturalist.org/observations/95060418,,2021,9,16,US,Pennsylvania,,40.009357,-75.863095,Agrilus planipennis
CC_BY_NC_4_0,Albert Burchsted,iNaturalist Observations,https://www.inaturalist.org/observations/94871312,,2021,9,13,US,Pennsylvania,,41.140816,-75.152423,Agrilus planipennis
CC_BY_NC_4_0,erinlamarco,iNaturalist Observations,https://www.inaturalist.org/observations/89678531,,2021,8,2,US,Pennsylvania,,40.256802,-76.734413,Agrilus planipennis
CC_BY_4_0,Cecil Smith,iNaturalist Observations,https://www.inaturalist.org/observations/83620432,,2021,6,17,US,Pennsylvania,,40.445179,-75.626717,Agrilus planipennis
CC_BY_NC_4_0,larryrush,iNaturalist Observations,https://www.inaturalist.org/observations/85945803,,2021,7,6,US,Pennsylvania,,40.82737,-75.3899,Agrilus planipennis
CC_BY_NC_4_0,Kyle Selcer,iNaturalist Observations,https://www.inaturalist.org/observations/86726193,,2021,7,10,US,Pennsylvania,,40.421746,-79.676439,Agrilus planipennis
CC_BY_4_0,Cecil Smith,iNaturalist Observations,https://www.inaturalist.org/observations/94595156,,2021,9,11,US,Pennsylvania,,40.373608,-75.007631,Agrilus planipennis
CC_BY_NC_4_0,Martin J. Calabrese,iNaturalist Observations,https://www.inaturalist.org/observations/97272053,,2021,10,5,US,Ohio,,41.585685,-81.563309,Agrilus planipennis
CC_BY_NC_4_0,adafitzaxen,iNaturalist Observations,https://www.inaturalist.org/observations/97265066,,2021,10,5,US,Minnesota,,44.986647,-93.183212,Agrilus planipennis
CC_BY_NC_4_0,Deborah Barber,iNaturalist Observations,https://www.inaturalist.org/observations/94531034,,2021,9,9,US,Virginia,,38.882313,-77.13848,Agrilus planipennis
CC_BY_NC_4_0,Eva Stahley,iNaturalist Observations,https://www.inaturalist.org/observations/90238466,,2021,8,4,US,Pennsylvania,,41.467033,-75.330484,Agrilus planipennis
CC_BY_NC_4_0,Sam Bucciarelli,iNaturalist Observations,https://www.inaturalist.org/observations/76425638,,2021,5,1,US,Pennsylvania,,40.057029,-75.25059,Agrilus planipennis
CC_BY_NC_4_0,Will Yaeger,iNaturalist Observations,https://www.inaturalist.org/observations/75204029,,2021,4,25,US,Pennsylvania,,40.60395,-75.374978,Agrilus planipennis
CC_BY_NC_4_0,Kelly Krechmer,iNaturalist Observations,https://www.inaturalist.org/observations/83634178,,2021,6,19,US,West Virginia,,39.948505,-80.734192,Agrilus planipennis
CC_BY_4_0,Randy A Nonenmacher,iNaturalist Observations,https://www.inaturalist.org/observations/68726203,,2021,1,28,US,New York,,42.991745,-76.370765,Agrilus planipennis
CC_BY_NC_4_0,shop_s_mart,iNaturalist Observations,https://www.inaturalist.org/observations/93661099,,2021,5,21,US,Tennessee,,34.996986,-84.638854,Agrilus planipennis
CC_BY_4_0,Randy A Nonenmacher,iNaturalist Observations,https://www.inaturalist.org/observations/69225295,,2021,2,7,US,New York,,42.979033,-76.385422,Agrilus planipennis
CC_BY_4_0,Randy A Nonenmacher,iNaturalist Observations,https://www.inaturalist.org/observations/69106264,,2021,2,5,US,New York,,42.978965,-76.385436,Agrilus planipennis
CC_BY_4_0,Randy A Nonenmacher,iNaturalist Observations,https://www.inaturalist.org/observations/69107441,,2021,2,5,US,New York,,42.97898,-76.385433,Agrilus planipennis
CC_BY_NC_4_0,owenamckenna,iNaturalist Observations,https://www.inaturalist.org/observations/92964244,,2021,7,18,US,Massachusetts,,42.621519,-71.455252,Agrilus planipennis
CC_BY_NC_4_0,octobertraveler,iNaturalist Observations,https://www.inaturalist.org/observations/90812851,,2021,8,11,US,Pennsylvania,,41.783408,-76.791747,Agrilus planipennis
CC_BY_NC_4_0,laurlou,iNaturalist Observations,https://www.inaturalist.org/observations/85386718,,2021,7,2,US,Minnesota,,44.82468,-93.259108,Agrilus planipennis
CC_BY_NC_4_0,laurlou,iNaturalist Observations,https://www.inaturalist.org/observations/74579173,,2021,4,19,US,Minnesota,,44.860322,-93.215125,Agrilus planipennis
CC_BY_NC_4_0,poly-six-tronic,iNaturalist Observations,https://www.inaturalist.org/observations/89532878,,2021,6,19,US,Pennsylvania,,40.338423,-75.167359,Agrilus planipennis
CC_BY_NC_4_0,igirl,iNaturalist Observations,https://www.inaturalist.org/observations/89556497,,2021,7,25,US,Connecticut,,41.980699,-72.606775,Agrilus planipennis
CC_BY_NC_4_0,Mark Apgar,iNaturalist Observations,https://www.inaturalist.org/observations/89576893,,2021,8,1,US,Connecticut,,41.813807,-72.833155,Agrilus planipennis
CC_BY_NC_4_0,planisek,iNaturalist Observations,https://www.inaturalist.org/observations/88957530,,2021,7,26,US,Michigan,,45.781667,-84.758296,Agrilus planipennis
CC_BY_NC_4_0,kgeisert,iNaturalist Observations,https://www.inaturalist.org/observations/89054709,,2021,7,29,US,Connecticut,,41.331111,-72.939134,Agrilus planipennis
CC0_1_0,Chase G. Mayers,iNaturalist Observations,https://www.inaturalist.org/observations/88587920,,2021,7,25,US,New York,,42.422047,-76.456286,Agrilus planipennis
CC_BY_NC_4_0,Mark Apgar,iNaturalist Observations,https://www.inaturalist.org/observations/88766886,,2021,7,25,US,Connecticut,,41.980024,-72.606859,Agrilus planipennis
CC_BY_4_0,barbarab,iNaturalist Observations,https://www.inaturalist.org/observations/88655651,,2021,6,27,US,Massachusetts,,42.111466,-71.218695,Agrilus planipennis
CC_BY_NC_4_0,Mark Apgar,iNaturalist Observations,https://www.inaturalist.org/observations/88766882,,2021,7,25,US,Connecticut,,41.980699,-72.606775,Agrilus planipennis
CC_BY_NC_4_0,Sam Hough,iNaturalist Observations,https://www.inaturalist.org/observations/88767789,,2021,7,26,US,New York,,42.835437,-75.664542,Agrilus planipennis
CC_BY_NC_4_0,zackkeenan,iNaturalist Observations,https://www.inaturalist.org/observations/88289712,,2021,7,6,US,New Jersey,,40.99408,-74.449105,Agrilus planipennis
CC_BY_NC_4_0,lumber_sweetie,iNaturalist Observations,https://www.inaturalist.org/observations/88069831,,2021,7,19,US,New York,,41.886657,-74.309485,Agrilus planipennis
CC_BY_NC_4_0,epic2112,iNaturalist Observations,https://www.inaturalist.org/observations/87743329,,2021,7,19,US,Illinois,,41.846199,-87.871468,Agrilus planipennis
CC_BY_NC_4_0,toastyturaco,iNaturalist Observations,https://www.inaturalist.org/observations/87261012,,2021,7,15,US,New York,,42.696472,-73.749633,Agrilus planipennis
CC_BY_NC_4_0,pens_,iNaturalist Observations,https://www.inaturalist.org/observations/88193598,,2021,7,22,US,Michigan,,44.901578,-85.988822,Agrilus planipennis
CC_BY_NC_4_0,Michael Jones,iNaturalist Observations,https://www.inaturalist.org/observations/84777866,,2021,6,27,US,Wisconsin,,43.084949,-88.906109,Agrilus planipennis
CC_BY_NC_4_0,laurlou,iNaturalist Observations,https://www.inaturalist.org/observations/87331457,,2021,7,16,US,Minnesota,,44.824672,-93.25895,Agrilus planipennis
CC_BY_NC_4_0,chestnutoak1979,iNaturalist Observations,https://www.inaturalist.org/observations/87344538,,2021,7,16,US,Michigan,,47.470412,-87.890249,Agrilus planipennis
CC_BY_NC_4_0,flamingmongoose,iNaturalist Observations,https://www.inaturalist.org/observations/87905562,,2021,7,20,US,Wisconsin,,43.657745,-87.722162,Agrilus planipennis
CC_BY_NC_4_0,hosterb,iNaturalist Observations,https://www.inaturalist.org/observations/86781911,,2021,6,16,US,Illinois,,41.431857,-90.455238,Agrilus planipennis
CC_BY_NC_4_0,laurlou,iNaturalist Observations,https://www.inaturalist.org/observations/86340047,,2021,7,9,US,Minnesota,,44.859963,-93.261449,Agrilus planipennis
CC_BY_NC_4_0,cramer45,iNaturalist Observations,https://www.inaturalist.org/observations/87077981,,2021,6,7,US,Iowa,,41.607027,-91.559285,Agrilus planipennis
CC_BY_NC_4_0,Bert Harris,iNaturalist Observations,https://www.inaturalist.org/observations/86569895,,2021,7,9,US,Virginia,,38.624027,-78.342801,Agrilus planipennis
CC_BY_4_0,emerlee,iNaturalist Observations,https://www.inaturalist.org/observations/86293102,,2021,7,9,US,Ohio,,39.006633,-84.142342,Agrilus planipennis
CC_BY_NC_4_0,Sam Hough,iNaturalist Observations,https://www.inaturalist.org/observations/86524093,,2021,7,10,US,New York,,42.861368,-75.78677,Agrilus planipennis
CC_BY_NC_4_0,Steve Waller,iNaturalist Observations,https://www.inaturalist.org/observations/86789067,Adult,2021,7,12,US,Michigan,,46.655203,-87.630753,Agrilus planipennis
CC0_1_0,Chase G. Mayers,iNaturalist Observations,https://www.inaturalist.org/observations/86246598,,2021,7,8,US,New York,,42.45605,-76.434872,Agrilus planipennis
CC_BY_NC_4_0,Tom Murray,iNaturalist Observations,https://www.inaturalist.org/observations/86115943,,2021,7,7,US,Massachusetts,,42.592691,-71.560433,Agrilus planipennis
CC_BY_NC_4_0,jordangougler,iNaturalist Observations,https://www.inaturalist.org/observations/85488227,,2021,7,3,US,Pennsylvania,,41.450787,-75.34497,Agrilus planipennis
CC_BY_NC_4_0,lindsay614,iNaturalist Observations,https://www.inaturalist.org/observations/86084894,,2021,7,6,US,New York,,42.876392,-76.706047,Agrilus planipennis
CC_BY_NC_4_0,elprofer,iNaturalist Observations,https://www.inaturalist.org/observations/85643179,,2021,7,4,US,Pennsylvania,,40.00932,-75.286776,Agrilus planipennis
CC_BY_4_0,Andrew Conboy,iNaturalist Observations,https://www.inaturalist.org/observations/85923790,,2021,7,6,US,Pennsylvania,,39.996792,-75.530286,Agrilus planipennis
CC_BY_NC_4_0,noahhen67,iNaturalist Observations,https://www.inaturalist.org/observations/85700106,,2021,7,4,US,Wisconsin,,45.004792,-87.164383,Agrilus planipennis
CC_BY_4_0,JodBot,iNaturalist Observations,https://www.inaturalist.org/observations/85565739,,2021,7,3,US,New York,,43.022776,-77.06049,Agrilus planipennis
CC_BY_4_0,Andrew Conboy,iNaturalist Observations,https://www.inaturalist.org/observations/85920119,,2021,7,6,US,Pennsylvania,,39.996545,-75.530581,Agrilus planipennis
CC_BY_NC_4_0,pegt,iNaturalist Observations,https://www.inaturalist.org/observations/85506984,,2021,7,3,US,Pennsylvania,,40.297558,-75.062486,Agrilus planipennis
CC_BY_NC_4_0,monkeysaddle,iNaturalist Observations,https://www.inaturalist.org/observations/85812148,Adult,2021,7,5,US,New York,,43.129154,-77.45574,Agrilus planipennis
CC_BY_4_0,Larry Jensen,iNaturalist Observations,https://www.inaturalist.org/observations/85820659,,2021,7,4,US,New York,,42.109191,-76.950338,Agrilus planipennis
CC_BY_NC_4_0,cmtmarshall,iNaturalist Observations,https://www.inaturalist.org/observations/85821528,,2021,7,5,US,New York,,42.628903,-78.737652,Agrilus planipennis
CC_BY_NC_4_0,giovanna,iNaturalist Observations,https://www.inaturalist.org/observations/85157502,,2021,6,30,US,New York,,42.440405,-76.489604,Agrilus planipennis
CC_BY_4_0,Mathew Zappa,iNaturalist Observations,https://www.inaturalist.org/observations/83736734,,2021,6,19,US,Minnesota,,44.286847,-91.971477,Agrilus planipennis
CC_BY_NC_4_0,zswartley914,iNaturalist Observations,https://www.inaturalist.org/observations/85111582,,2021,6,27,US,Pennsylvania,,40.354422,-75.298317,Agrilus planipennis
CC_BY_NC_4_0,Wade,iNaturalist Observations,https://www.inaturalist.org/observations/84765377,Adult,2021,6,27,US,New York,,42.54455,-76.098602,Agrilus planipennis
CC0_1_0,Chase G. Mayers,iNaturalist Observations,https://www.inaturalist.org/observations/82769133,,2021,6,12,US,New York,,42.483169,-76.488881,Agrilus planipennis
CC_BY_NC_4_0,Nicholas Wallace,iNaturalist Observations,https://www.inaturalist.org/observations/83098392,,2021,6,14,US,Michigan,,42.673795,-86.1978,Agrilus planipennis
CC_BY_NC_4_0,Alyssa W,iNaturalist Observations,https://www.inaturalist.org/observations/82467594,,2021,6,10,US,Pennsylvania,,40.308659,-75.53323,Agrilus planipennis
CC_BY_NC_4_0,Joe MacIndewar,iNaturalist Observations,https://www.inaturalist.org/observations/84490049,Adult,2021,6,25,US,Massachusetts,,42.451228,-71.085547,Agrilus planipennis
CC_BY_NC_4_0,Kevin,iNaturalist Observations,https://www.inaturalist.org/observations/84775094,,2021,6,27,US,Wisconsin,,42.98114,-88.1922,Agrilus planipennis
CC_BY_NC_4_0,craig-l,iNaturalist Observations,https://www.inaturalist.org/observations/85259976,,2021,7,1,US,Michigan,,42.573818,-84.131986,Agrilus planipennis
CC_BY_NC_4_0,Kevin,iNaturalist Observations,https://www.inaturalist.org/observations/85227509,,2021,6,30,US,Wisconsin,,42.986151,-88.19788,Agrilus planipennis
CC_BY_NC_4_0,kmwenzel,iNaturalist Observations,https://www.inaturalist.org/observations/85111719,,2021,6,30,US,New Jersey,,40.349223,-74.557148,Agrilus planipennis
CC_BY_NC_4_0,Danny,iNaturalist Observations,https://www.inaturalist.org/observations/84575825,,2021,6,26,US,Connecticut,,41.407308,-72.919495,Agrilus planipennis
CC_BY_NC_4_0,galecannon,iNaturalist Observations,https://www.inaturalist.org/observations/82702743,,2021,6,12,US,New Jersey,,39.856381,-75.191044,Agrilus planipennis
CC_BY_NC_4_0,jessekay7,iNaturalist Observations,https://www.inaturalist.org/observations/84584817,,2021,6,26,US,Ohio,,40.283817,-83.14204,Agrilus planipennis
CC_BY_4_0,Michael Long,iNaturalist Observations,https://www.inaturalist.org/observations/84934920,,2021,6,19,US,Pennsylvania,,40.014858,-75.299872,Agrilus planipennis
CC_BY_4_0,John Abrams,iNaturalist Observations,https://www.inaturalist.org/observations/84468017,,2021,6,25,US,Kentucky,,37.553958,-84.240312,Agrilus planipennis
CC_BY_NC_4_0,Maya,iNaturalist Observations,https://www.inaturalist.org/observations/84652839,,2021,6,20,US,New York,,40.50969,-74.218529,Agrilus planipennis
CC_BY_NC_4_0,debpleasants,iNaturalist Observations,https://www.inaturalist.org/observations/84564965,,2021,6,26,US,Minnesota,,44.930695,-93.137238,Agrilus planipennis
CC_BY_NC_4_0,laurlou,iNaturalist Observations,https://www.inaturalist.org/observations/84791616,,2021,6,27,US,Minnesota,,44.8019,-93.234603,Agrilus planipennis
CC0_1_0,Yann Kemper,iNaturalist Observations,https://www.inaturalist.org/observations/84902414,,2021,6,26,US,Ohio,,39.154427,-84.499547,Agrilus planipennis
CC0_1_0,Mirko Schoenitz,iNaturalist Observations,https://www.inaturalist.org/observations/84320114,Adult,2021,6,8,US,New Jersey,,40.315464,-74.624722,Agrilus planipennis
CC_BY_4_0,Jacob A. Gorneau,iNaturalist Observations,https://www.inaturalist.org/observations/84198022,,2021,6,23,US,New York,,42.452458,-76.463403,Agrilus planipennis
CC_BY_NC_4_0,ellapennington,iNaturalist Observations,https://www.inaturalist.org/observations/84312058,,2021,6,24,US,New Jersey,,40.33556,-74.795624,Agrilus planipennis
CC_BY_NC_4_0,solarc,iNaturalist Observations,https://www.inaturalist.org/observations/84343500,,2021,6,24,US,New York,,41.729607,-74.05748,Agrilus planipennis
CC_BY_NC_4_0,lauriec319,iNaturalist Observations,https://www.inaturalist.org/observations/84169601,,2021,6,22,US,New Jersey,,41.001769,-74.730897,Agrilus planipennis
CC_BY_NC_4_0,nvecc,iNaturalist Observations,https://www.inaturalist.org/observations/83535391,,2021,6,18,US,New Jersey,,40.139236,-74.025955,Agrilus planipennis
CC_BY_NC_4_0,Sarah Franecki,iNaturalist Observations,https://www.inaturalist.org/observations/83815451,,2021,6,20,US,Wisconsin,,42.97644,-88.113173,Agrilus planipennis
CC_BY_NC_4_0,si_birds,iNaturalist Observations,https://www.inaturalist.org/observations/83559998,,2021,6,18,US,New York,,40.602102,-74.055785,Agrilus planipennis
CC_BY_NC_4_0,flamingmongoose,iNaturalist Observations,https://www.inaturalist.org/observations/83627170,,2021,6,19,US,Wisconsin,,43.74772,-87.740922,Agrilus planipennis
CC_BY_NC_4_0,darbytassell,iNaturalist Observations,https://www.inaturalist.org/observations/81731156,,2021,5,29,US,Indiana,,38.266716,-87.144448,Agrilus planipennis
CC_BY_NC_4_0,eovran,iNaturalist Observations,https://www.inaturalist.org/observations/83532786,Adult,2021,6,18,US,Ohio,,39.600382,-84.168769,Agrilus planipennis
CC_BY_NC_4_0,Kevin,iNaturalist Observations,https://www.inaturalist.org/observations/83533445,,2021,6,18,US,Wisconsin,,42.996137,-88.133157,Agrilus planipennis
CC_BY_NC_4_0,sundews4tigerbeetles,iNaturalist Observations,https://www.inaturalist.org/observations/83568539,,2021,6,18,US,Massachusetts,,42.28133,-72.34548,Agrilus planipennis
CC_BY_NC_4_0,justfroggy,iNaturalist Observations,https://www.inaturalist.org/observations/83684042,,2021,6,18,US,New York,,43.228328,-78.340796,Agrilus planipennis
CC_BY_4_0,Andrew Conboy,iNaturalist Observations,https://www.inaturalist.org/observations/84366603,Adult,2021,6,24,US,Pennsylvania,,40.092383,-75.597375,Agrilus planipennis
CC_BY_4_0,Jacob A. Gorneau,iNaturalist Observations,https://www.inaturalist.org/observations/84285897,,2021,6,23,US,New York,,42.392197,-76.37403,Agrilus planipennis
CC_BY_NC_4_0,Michael Blacketter,iNaturalist Observations,https://www.inaturalist.org/observations/84335252,,2021,6,24,US,Pennsylvania,,40.607283,-75.642105,Agrilus planipennis
CC_BY_NC_4_0,Dra. Leah,iNaturalist Observations,https://www.inaturalist.org/observations/83972658,,2021,6,21,US,Wisconsin,,43.058614,-87.894613,Agrilus planipennis
CC_BY_NC_4_0,Matthew Beziat,iNaturalist Observations,https://www.inaturalist.org/observations/83491544,,2021,6,17,US,Maryland,,39.47137,-76.995948,Agrilus planipennis
CC_BY_NC_4_0,Tory,iNaturalist Observations,https://www.inaturalist.org/observations/83967791,,2021,6,21,US,Wisconsin,,43.069827,-87.894705,Agrilus planipennis
CC_BY_NC_4_0,Eric M Powell,iNaturalist Observations,https://www.inaturalist.org/observations/83626693,,2021,6,17,US,Connecticut,,41.745361,-72.157294,Agrilus planipennis
CC_BY_NC_4_0,emdstewart,iNaturalist Observations,https://www.inaturalist.org/observations/83585770,,2021,6,17,US,Pennsylvania,,40.004875,-75.256517,Agrilus planipennis
CC_BY_NC_4_0,lemonsqueeze,iNaturalist Observations,https://www.inaturalist.org/observations/83828210,,2021,6,20,US,New York,,43.037967,-76.120437,Agrilus planipennis
CC_BY_NC_4_0,calixtos_edu,iNaturalist Observations,https://www.inaturalist.org/observations/83949881,,2021,6,20,US,Wisconsin,,43.384726,-88.01975,Agrilus planipennis
CC_BY_NC_4_0,cnaturejoy,iNaturalist Observations,https://www.inaturalist.org/observations/84050781,,2021,6,22,US,Missouri,,38.847107,-92.257756,Agrilus planipennis
CC_BY_NC_4_0,Chris DeRhodes,iNaturalist Observations,https://www.inaturalist.org/observations/83148274,,2021,6,15,US,Ohio,,39.2448,-84.419913,Agrilus planipennis
CC_BY_NC_4_0,Sam O'Connell,iNaturalist Observations,https://www.inaturalist.org/observations/82895330,,2021,6,9,US,Ohio,,41.726199,-81.338755,Agrilus planipennis
CC_BY_NC_4_0,Beverly James,iNaturalist Observations,https://www.inaturalist.org/observations/83302628,,2021,6,16,US,Kentucky,,37.905247,-84.362572,Agrilus planipennis
CC_BY_NC_4_0,galapaghost89,iNaturalist Observations,https://www.inaturalist.org/observations/83406552,,2021,6,17,US,Delaware,,39.719627,-75.526085,Agrilus planipennis
CC_BY_NC_4_0,Carson,iNaturalist Observations,https://www.inaturalist.org/observations/83159534,,2021,6,15,US,Wisconsin,,42.770084,-90.346558,Agrilus planipennis
CC_BY_NC_4_0,Phillip Harpootlian,iNaturalist Observations,https://www.inaturalist.org/observations/82597340,Adult,2021,6,11,US,South Carolina,,34.951667,-81.886333,Agrilus planipennis
CC_BY_NC_4_0,dsharrett,iNaturalist Observations,https://www.inaturalist.org/observations/83034337,,2021,6,14,US,New York,,41.168362,-73.820457,Agrilus planipennis
CC_BY_NC_4_0,jme314,iNaturalist Observations,https://www.inaturalist.org/observations/82705430,,2021,6,12,US,New York,,42.959091,-76.916759,Agrilus planipennis
CC_BY_NC_4_0,Christine Tuccelli,iNaturalist Observations,https://www.inaturalist.org/observations/82926323,,2021,6,13,US,Massachusetts,,42.47823,-71.194388,Agrilus planipennis
CC_BY_NC_4_0,Izabella Farr,iNaturalist Observations,https://www.inaturalist.org/observations/83340330,,2021,6,16,US,Virginia,,38.548133,-78.376433,Agrilus planipennis
CC_BY_NC_4_0,mfuka4,iNaturalist Observations,https://www.inaturalist.org/observations/83159472,,2021,6,15,US,Wisconsin,,42.587574,-90.360184,Agrilus planipennis
CC_BY_NC_4_0,typwc,iNaturalist Observations,https://www.inaturalist.org/observations/83253404,Adult,2021,6,16,US,Maryland,,39.386247,-76.569694,Agrilus planipennis
CC_BY_NC_4_0,Jeremy Collison,iNaturalist Observations,https://www.inaturalist.org/observations/82989701,,2021,6,11,US,New York,,42.102813,-76.95383,Agrilus planipennis
CC_BY_NC_4_0,Donald F. Recklies,iNaturalist Observations,https://www.inaturalist.org/observations/82746006,,2021,6,11,US,New York,,40.515403,-74.193861,Agrilus planipennis
CC_BY_NC_4_0,pprjr,iNaturalist Observations,https://www.inaturalist.org/observations/82771944,,2021,6,12,US,Minnesota,,44.9775,-93.149627,Agrilus planipennis
CC_BY_4_0,Michael Pirrello,iNaturalist Observations,https://www.inaturalist.org/observations/82741844,Adult,2021,6,12,US,Pennsylvania,,39.932358,-75.2378,Agrilus planipennis
CC_BY_NC_4_0,jcandersen,iNaturalist Observations,https://www.inaturalist.org/observations/82731725,,2021,6,12,US,Massachusetts,,42.504864,-72.482926,Agrilus planipennis
CC_BY_NC_4_0,taylorjh,iNaturalist Observations,https://www.inaturalist.org/observations/82678162,,2021,6,12,US,New York,,42.723583,-77.467642,Agrilus planipennis
CC_BY_NC_4_0,benguarente,iNaturalist Observations,https://www.inaturalist.org/observations/81860881,,2021,6,6,US,Illinois,,40.048984,-89.740502,Agrilus planipennis
CC_BY_NC_4_0,sammakler,iNaturalist Observations,https://www.inaturalist.org/observations/81773860,,2021,6,5,US,Pennsylvania,,40.063977,-75.014272,Agrilus planipennis
CC_BY_4_0,Eric Baratta,iNaturalist Observations,https://www.inaturalist.org/observations/82193232,,2021,6,2,US,New Jersey,,40.06847,-74.894822,Agrilus planipennis
CC_BY_4_0,Eric R. Eaton,iNaturalist Observations,https://www.inaturalist.org/observations/82304005,,2021,5,30,US,Kansas,,39.320123,-94.960885,Agrilus planipennis
CC_BY_NC_4_0,Zach Van Stanley,iNaturalist Observations,https://www.inaturalist.org/observations/82359920,,2021,6,4,US,Iowa,,42.470133,-92.464711,Agrilus planipennis
CC_BY_NC_4_0,naturalistfishing,iNaturalist Observations,https://www.inaturalist.org/observations/82485752,,2021,6,10,US,Wisconsin,,43.233958,-89.738807,Agrilus planipennis
CC_BY_NC_4_0,ksgardener1,iNaturalist Observations,https://www.inaturalist.org/observations/81375468,,2021,6,2,US,Kansas,,39.49584,-95.403544,Agrilus planipennis
CC_BY_NC_4_0,Sarah Rae,iNaturalist Observations,https://www.inaturalist.org/observations/80955700,,2021,5,30,US,Illinois,,40.954412,-89.428925,Agrilus planipennis
CC_BY_NC_4_0,alloyant,iNaturalist Observations,https://www.inaturalist.org/observations/80610517,Adult,2021,5,28,US,New Jersey,,39.885036,-74.958515,Agrilus planipennis
CC_BY_NC_4_0,Sara Rall,iNaturalist Observations,https://www.inaturalist.org/observations/81419799,,2021,6,1,US,New Jersey,,40.582784,-74.68047,Agrilus planipennis
CC_BY_NC_4_0,emilee_cat,iNaturalist Observations,https://www.inaturalist.org/observations/82074698,,2021,6,7,US,Pennsylvania,,40.445267,-75.180786,Agrilus planipennis
CC_BY_NC_4_0,Scott,iNaturalist Observations,https://www.inaturalist.org/observations/82096175,,2021,6,7,US,Pennsylvania,,40.279426,-74.987813,Agrilus planipennis
CC_BY_4_0,syvwlch,iNaturalist Observations,https://www.inaturalist.org/observations/81366443,,2021,5,31,US,Virginia,,38.935345,-77.139725,Agrilus planipennis
CC0_1_0,Heidi Eaton,iNaturalist Observations,https://www.inaturalist.org/observations/81349414,,2021,5,30,US,Kansas,,39.320099,-94.960565,Agrilus planipennis
CC_BY_NC_4_0,beeman2,iNaturalist Observations,https://www.inaturalist.org/observations/82103990,,2021,6,7,US,New York,,42.998165,-78.476146,Agrilus planipennis
CC_BY_NC_4_0,Giff Beaton,iNaturalist Observations,https://www.inaturalist.org/observations/82429976,,2021,6,10,US,Florida,,26.683812,-80.086769,Agrilus planipennis
CC_BY_NC_4_0,frankbar,iNaturalist Observations,https://www.inaturalist.org/observations/81468183,,2021,6,3,US,New Jersey,,41.102547,-74.146642,Agrilus planipennis
CC_BY_NC_4_0,beeman2,iNaturalist Observations,https://www.inaturalist.org/observations/82103489,,2021,6,7,US,New York,,42.881133,-78.124511,Agrilus planipennis
CC_BY_NC_4_0,Leah Wells,iNaturalist Observations,https://www.inaturalist.org/observations/81728252,,2021,6,1,US,New Jersey,,41.178818,-74.55161,Agrilus planipennis
CC_BY_NC_4_0,Matthew Guilin,iNaturalist Observations,https://www.inaturalist.org/observations/80887553,,2021,5,24,US,North Carolina,,35.239233,-80.515009,Agrilus planipennis
CC_BY_4_0,Scarlett S.,iNaturalist Observations,https://www.inaturalist.org/observations/81905159,,2021,6,6,US,New Jersey,,40.349705,-74.659425,Agrilus planipennis
CC_BY_NC_4_0,Will Sweet,iNaturalist Observations,https://www.inaturalist.org/observations/81429562,,2021,6,3,US,Massachusetts,,42.087112,-71.177047,Agrilus planipennis
CC_BY_NC_4_0,John Janick,iNaturalist Observations,https://www.inaturalist.org/observations/81888738,,2021,6,6,US,Pennsylvania,,40.177197,-75.246645,Agrilus planipennis
CC_BY_NC_4_0,Jill Peters,iNaturalist Observations,https://www.inaturalist.org/observations/81640849,,2021,6,4,US,Tennessee,,36.288171,-82.499049,Agrilus planipennis
CC_BY_NC_4_0,jmnphillips,iNaturalist Observations,https://www.inaturalist.org/observations/80873770,,2021,5,30,US,Maryland,,39.215938,-76.844147,Agrilus planipennis
CC_BY_NC_4_0,Matthew Beziat,iNaturalist Observations,https://www.inaturalist.org/observations/82102573,,2021,6,7,US,Maryland,,39.295327,-76.782904,Agrilus planipennis
CC0_1_0,Chase G. Mayers,iNaturalist Observations,https://www.inaturalist.org/observations/81454691,,2021,6,3,US,New York,,42.428103,-76.460592,Agrilus planipennis
CC_BY_NC_4_0,willbpayne,iNaturalist Observations,https://www.inaturalist.org/observations/82352445,,2021,6,9,US,New Jersey,,40.501717,-74.433495,Agrilus planipennis
CC_BY_4_0,Jeff Clark,iNaturalist Observations,https://www.inaturalist.org/observations/80658924,Adult,2021,5,28,US,Virginia,,38.857767,-77.328425,Agrilus planipennis
CC_BY_NC_4_0,Sarkikos,iNaturalist Observations,https://www.inaturalist.org/observations/80222635,,2021,5,24,US,Maryland,,39.027412,-75.883881,Agrilus planipennis
CC_BY_NC_4_0,Brian,iNaturalist Observations,https://www.inaturalist.org/observations/80353288,,2021,5,26,US,Virginia,,37.524504,-77.456075,Agrilus planipennis
CC_BY_NC_4_0,iamjanis,iNaturalist Observations,https://www.inaturalist.org/observations/80149603,Adult,2021,5,24,US,New Jersey,,40.783039,-74.600085,Agrilus planipennis
CC_BY_NC_4_0,prosenteach,iNaturalist Observations,https://www.inaturalist.org/observations/80225603,Adult,2021,5,25,US,New Jersey,,40.732934,-74.670876,Agrilus planipennis
CC_BY_NC_4_0,Ryan,iNaturalist Observations,https://www.inaturalist.org/observations/80473825,,2021,5,27,US,Maryland,,39.265679,-77.209591,Agrilus planipennis
CC_BY_NC_4_0,Lori Owenby,iNaturalist Observations,https://www.inaturalist.org/observations/79985358,Adult,2021,5,23,US,North Carolina,,35.820008,-81.188016,Agrilus planipennis
CC_BY_NC_4_0,kfryberger,iNaturalist Observations,https://www.inaturalist.org/observations/80463840,,2021,5,27,US,Pennsylvania,,40.023017,-75.421538,Agrilus planipennis
CC_BY_4_0,mjpapay,iNaturalist Observations,https://www.inaturalist.org/observations/79811695,,2021,5,22,US,North Carolina,,35.631656,-79.105681,Agrilus planipennis
CC_BY_4_0,Emily Summerbell,iNaturalist Observations,https://www.inaturalist.org/observations/79740808,,2021,5,16,US,Maryland,,39.000236,-77.108619,Agrilus planipennis
CC_BY_4_0,Andrew Conboy,iNaturalist Observations,https://www.inaturalist.org/observations/79477752,,2021,5,19,US,Pennsylvania,,40.091039,-75.612533,Agrilus planipennis
CC_BY_4_0,Diego Huet,iNaturalist Observations,https://www.inaturalist.org/observations/79069106,,2021,5,16,US,Georgia,,33.902219,-83.39282,Agrilus planipennis
CC_BY_NC_4_0,bjpruiksma,iNaturalist Observations,https://www.inaturalist.org/observations/79541413,,2021,5,20,US,Ohio,,39.95378,-82.921875,Agrilus planipennis
CC_BY_4_0,ksandsman,iNaturalist Observations,https://www.inaturalist.org/observations/76542879,,2021,5,2,US,Illinois,,41.136742,-87.994797,Agrilus planipennis
CC_BY_NC_4_0,Lena Struwe,iNaturalist Observations,https://www.inaturalist.org/observations/78490668,,2021,3,26,US,New Jersey,,40.440597,-74.724256,Agrilus planipennis
CC_BY_NC_4_0,Jaime M. Simancas,iNaturalist Observations,https://www.inaturalist.org/observations/78414865,,2021,5,7,US,North Carolina,,36.103999,-79.878526,Agrilus planipennis
CC_BY_NC_4_0,Lori Owenby,iNaturalist Observations,https://www.inaturalist.org/observations/78236416,,2021,5,10,US,North Carolina,,35.81747,-81.180409,Agrilus planipennis
CC0_1_0,Rebecca Gelernter,iNaturalist Observations,https://www.inaturalist.org/observations/73582323,,2021,4,9,US,Connecticut,,41.357653,-73.008929,Agrilus planipennis
CC_BY_NC_4_0,bdale1334,iNaturalist Observations,https://www.inaturalist.org/observations/76498240,,2021,5,1,US,New York,,42.458505,-76.504293,Agrilus planipennis
CC_BY_4_0,Sarah Caitlin Williams,iNaturalist Observations,https://www.inaturalist.org/observations/77104726,,2021,5,3,US,Pennsylvania,,40.479317,-80.013236,Agrilus planipennis
CC_BY_NC_4_0,Ben Zerante,iNaturalist Observations,https://www.inaturalist.org/observations/77042388,,2021,5,3,US,Illinois,,41.887244,-87.665927,Agrilus planipennis
CC_BY_NC_4_0,sferrjet,iNaturalist Observations,https://www.inaturalist.org/observations/76380157,,2021,5,1,US,New Jersey,,40.908606,-74.4418,Agrilus planipennis
CC_BY_NC_4_0,abirks,iNaturalist Observations,https://www.inaturalist.org/observations/73862307,,2021,4,13,US,Connecticut,,41.549243,-73.322976,Agrilus planipennis
CC_BY_NC_4_0,Roger Shaw,iNaturalist Observations,https://www.inaturalist.org/observations/75980173,,2021,4,30,US,Pennsylvania,,40.174546,-80.142892,Agrilus planipennis
CC_BY_NC_4_0,Sue Zucker-Scharff,iNaturalist Observations,https://www.inaturalist.org/observations/72811352,,2021,4,3,US,New York,,41.266702,-74.232793,Agrilus planipennis
CC_BY_NC_4_0,breanddave,iNaturalist Observations,https://www.inaturalist.org/observations/77159981,,2021,5,3,US,Illinois,,41.998,-87.769905,Agrilus planipennis
CC_BY_NC_4_0,Matthew Thompson,iNaturalist Observations,https://www.inaturalist.org/observations/72499650,,2021,3,30,US,Minnesota,,44.909062,-93.067214,Agrilus planipennis
CC_BY_4_0,Andrew Conboy,iNaturalist Observations,https://www.inaturalist.org/observations/75981119,,2021,4,30,US,Pennsylvania,,40.075939,-75.234619,Agrilus planipennis
CC_BY_4_0,skitterbug,iNaturalist Observations,https://www.inaturalist.org/observations/77658296,Adult,2021,5,6,US,Georgia,,34.236762,-84.490762,Agrilus planipennis
CC_BY_4_0,Andrew Conboy,iNaturalist Observations,https://www.inaturalist.org/observations/77114375,,2021,5,3,US,Pennsylvania,,40.057511,-75.248467,Agrilus planipennis
CC_BY_NC_4_0,Ken Rosenthal,iNaturalist Observations,https://www.inaturalist.org/observations/77535203,,2021,5,2,US,Maryland,,38.996783,-77.248725,Agrilus planipennis
CC_BY_NC_4_0,holomsuu,iNaturalist Observations,https://www.inaturalist.org/observations/76865876,,2021,5,1,US,Texas,,33.492756,-94.102936,Agrilus planipennis
CC0_1_0,Schyler Brown,iNaturalist Observations,https://www.inaturalist.org/observations/77181322,,2021,5,2,US,Texas,,33.263726,-97.060359,Agrilus planipennis
CC0_1_0,Chase G. Mayers,iNaturalist Observations,https://www.inaturalist.org/observations/75877833,,2021,4,30,US,New York,,42.482849,-76.466959,Agrilus planipennis
CC_BY_4_0,Andrew Conboy,iNaturalist Observations,https://www.inaturalist.org/observations/70903513,,2021,3,9,US,Pennsylvania,,40.084008,-75.611617,Agrilus planipennis
CC0_1_0,Chris Merck,iNaturalist Observations,https://www.inaturalist.org/observations/72234320,,2021,3,26,US,New Jersey,,41.231137,-74.535155,Agrilus planipennis
CC_BY_NC_4_0,Jeff Skrentny,iNaturalist Observations,https://www.inaturalist.org/observations/75840377,,2021,4,30,US,Illinois,,41.979139,-87.741758,Agrilus planipennis
CC_BY_NC_4_0,laurlou,iNaturalist Observations,https://www.inaturalist.org/observations/71257375,,2021,3,14,US,Minnesota,,44.861142,-93.212997,Agrilus planipennis
CC_BY_NC_4_0,lissy2876,iNaturalist Observations,https://www.inaturalist.org/observations/74281711,,2021,4,17,US,New Jersey,,40.472533,-74.744828,Agrilus planipennis
CC_BY_4_0,Ali Campbell,iNaturalist Observations,https://www.inaturalist.org/observations/75456439,,2021,4,27,US,Pennsylvania,,40.519731,-78.001728,Agrilus planipennis
CC_BY_NC_4_0,Sarah Kulis,iNaturalist Observations,https://www.inaturalist.org/observations/75173942,,2021,4,25,US,Maryland,,39.363039,-76.513284,Agrilus planipennis
CC_BY_NC_4_0,davlogsdon,iNaturalist Observations,https://www.inaturalist.org/observations/75040438,,2021,4,24,US,New York,,41.632268,-74.368298,Agrilus planipennis
CC_BY_NC_4_0,Matthew Thompson,iNaturalist Observations,https://www.inaturalist.org/observations/75269955,,2021,4,24,US,Minnesota,,44.6836,-93.091744,Agrilus planipennis
CC_BY_NC_4_0,laurlou,iNaturalist Observations,https://www.inaturalist.org/observations/74580016,,2021,4,19,US,Minnesota,,44.862142,-93.208528,Agrilus planipennis
CC_BY_NC_4_0,Sara Rall,iNaturalist Observations,https://www.inaturalist.org/observations/74783365,,2021,4,21,US,New Jersey,,40.65699,-74.758526,Agrilus planipennis
CC_BY_NC_4_0,breanddave,iNaturalist Observations,https://www.inaturalist.org/observations/74701322,,2021,4,20,US,Illinois,,41.924512,-87.703903,Agrilus planipennis
CC_BY_NC_4_0,hobofreeman,iNaturalist Observations,https://www.inaturalist.org/observations/72288821,,2021,3,28,US,Virginia,,38.057421,-77.847922,Agrilus planipennis
CC_BY_NC_4_0,Thomas Lappin,iNaturalist Observations,https://www.inaturalist.org/observations/73879256,,2021,4,13,US,Kansas,,38.975333,-95.002031,Agrilus planipennis
CC_BY_4_0,mjpapay,iNaturalist Observations,https://www.inaturalist.org/observations/74030411,,2021,4,13,US,North Carolina,,35.643019,-79.116395,Agrilus planipennis
CC_BY_4_0,mjpapay,iNaturalist Observations,https://www.inaturalist.org/observations/74030338,,2021,4,13,US,North Carolina,,35.644097,-79.1167,Agrilus planipennis
CC_BY_NC_4_0,Jessica Rowand,iNaturalist Observations,https://www.inaturalist.org/observations/73561070,,2021,4,10,US,Pennsylvania,,40.055083,-76.889147,Agrilus planipennis
CC_BY_4_0,Christine,iNaturalist Observations,https://www.inaturalist.org/observations/70216600,Larva,2021,2,26,US,Connecticut,,41.54454,-73.209002,Agrilus planipennis
CC_BY_4_0,Christine,iNaturalist Observations,https://www.inaturalist.org/observations/70216536,Adult,2021,2,25,US,Connecticut,,41.54454,-73.209002,Agrilus planipennis
CC_BY_4_0,Andrew Conboy,iNaturalist Observations,https://www.inaturalist.org/observations/72833714,,2021,4,3,US,Pennsylvania,,40.190395,-75.407395,Agrilus planipennis
CC_BY_4_0,Sean Grasing,iNaturalist Observations,https://www.inaturalist.org/observations/72297598,,2021,3,27,US,New York,,41.728305,-74.230728,Agrilus planipennis
CC_BY_NC_4_0,Nathan,iNaturalist Observations,https://www.inaturalist.org/observations/71462131,,2021,3,16,US,Pennsylvania,,40.523846,-80.324625,Agrilus planipennis
CC_BY_NC_4_0,Ian Shackleford,iNaturalist Observations,https://www.inaturalist.org/observations/71941384,,2021,3,23,US,Illinois,,42.480513,-90.640515,Agrilus planipennis
CC_BY_NC_4_0,Mark Apgar,iNaturalist Observations,https://www.inaturalist.org/observations/72220743,,2021,3,27,US,Connecticut,,41.954048,-72.768196,Agrilus planipennis
CC_BY_NC_4_0,Beata,iNaturalist Observations,https://www.inaturalist.org/observations/71137587,,2021,3,13,US,Illinois,,42.141729,-87.820067,Agrilus planipennis
CC0_1_0,Daniel Atha,iNaturalist Observations,https://www.inaturalist.org/observations/71808898,,2021,3,21,US,Pennsylvania,,40.144122,-75.718278,Agrilus planipennis
CC_BY_NC_4_0,daniellegreen,iNaturalist Observations,https://www.inaturalist.org/observations/70479977,,2021,2,23,US,Illinois,,42.177658,-87.915467,Agrilus planipennis
CC_BY_NC_4_0,hb2000,iNaturalist Observations,https://www.inaturalist.org/observations/71832141,,2021,3,22,US,New Jersey,,40.466379,-74.42601,Agrilus planipennis
CC_BY_NC_4_0,Sara Rall,iNaturalist Observations,https://www.inaturalist.org/observations/71726482,,2021,3,21,US,New Jersey,,40.588534,-74.556414,Agrilus planipennis
CC_BY_4_0,Andrew Conboy,iNaturalist Observations,https://www.inaturalist.org/observations/71738324,,2021,3,21,US,Pennsylvania,,40.124158,-75.441488,Agrilus planipennis
CC_BY_NC_4_0,Jeff Mollenhauer,iNaturalist Observations,https://www.inaturalist.org/observations/70484050,,2021,3,2,US,New Jersey,,40.694054,-75.006191,Agrilus planipennis
CC_BY_NC_4_0,laurlou,iNaturalist Observations,https://www.inaturalist.org/observations/71257044,,2021,3,14,US,Minnesota,,44.859013,-93.21958,Agrilus planipennis
CC_BY_NC_4_0,tarpinian,iNaturalist Observations,https://www.inaturalist.org/observations/71455099,,2021,3,16,US,Massachusetts,,42.041261,-72.966419,Agrilus planipennis
CC_BY_NC_4_0,hb2000,iNaturalist Observations,https://www.inaturalist.org/observations/70523743,,2021,3,3,US,New Jersey,,40.455663,-74.458528,Agrilus planipennis
CC_BY_4_0,Andrew Conboy,iNaturalist Observations,https://www.inaturalist.org/observations/70568220,,2021,3,4,US,Pennsylvania,,40.082139,-75.603263,Agrilus planipennis
CC_BY_NC_4_0,Ben Zerante,iNaturalist Observations,https://www.inaturalist.org/observations/70627692,,2021,3,5,US,Illinois,,41.606789,-87.566367,Agrilus planipennis
CC_BY_NC_4_0,Sue Zucker-Scharff,iNaturalist Observations,https://www.inaturalist.org/observations/70336380,,2021,2,28,US,New York,,41.150896,-73.696733,Agrilus planipennis
CC_BY_NC_4_0,Linda W Ruth,iNaturalist Observations,https://www.inaturalist.org/observations/69658648,,2021,2,7,US,Connecticut,,41.821551,-72.374844,Agrilus planipennis
CC_BY_NC_4_0,Angus Mossman,iNaturalist Observations,https://www.inaturalist.org/observations/69844488,,2021,2,17,US,Wisconsin,,43.278814,-89.90765,Agrilus planipennis
CC_BY_4_0,Andrew Conboy,iNaturalist Observations,https://www.inaturalist.org/observations/70842740,,2021,3,8,US,Pennsylvania,,40.082297,-75.6063,Agrilus planipennis
CC_BY_NC_4_0,Mark Apgar,iNaturalist Observations,https://www.inaturalist.org/observations/70364144,,2021,2,28,US,Connecticut,,41.68708,-72.610973,Agrilus planipennis
CC_BY_NC_4_0,Jeff Skrentny,iNaturalist Observations,https://www.inaturalist.org/observations/70048833,,2021,2,23,US,Illinois,,41.98006,-87.743722,Agrilus planipennis
CC_BY_NC_4_0,Mark Apgar,iNaturalist Observations,https://www.inaturalist.org/observations/70364143,,2021,2,28,US,Connecticut,,41.686838,-72.61066,Agrilus planipennis
CC_BY_NC_4_0,Mark Apgar,iNaturalist Observations,https://www.inaturalist.org/observations/70364142,,2021,2,28,US,Connecticut,,41.6858,-72.609988,Agrilus planipennis
CC_BY_NC_4_0,kurtis,iNaturalist Observations,https://www.inaturalist.org/observations/70565850,,2021,3,4,US,Wisconsin,,42.729291,-88.224418,Agrilus planipennis
CC_BY_NC_4_0,Sue Zucker-Scharff,iNaturalist Observations,https://www.inaturalist.org/observations/70336715,,2021,2,28,US,New York,,41.151099,-73.696369,Agrilus planipennis
CC_BY_NC_4_0,Jeff Skrentny,iNaturalist Observations,https://www.inaturalist.org/observations/69470883,,2021,2,12,US,Illinois,,41.977708,-87.738137,Agrilus planipennis
CC_BY_NC_4_0,maureenclare,iNaturalist Observations,https://www.inaturalist.org/observations/70154644,,2021,2,25,US,Illinois,,42.150867,-87.77338,Agrilus planipennis
CC_BY_4_0,Andrew Conboy,iNaturalist Observations,https://www.inaturalist.org/observations/70759954,,2021,3,7,US,Pennsylvania,,40.075939,-75.234628,Agrilus planipennis
CC_BY_NC_4_0,bunchberry,iNaturalist Observations,https://www.inaturalist.org/observations/69287293,,2021,2,6,US,New York,,42.917962,-73.784195,Agrilus planipennis
CC_BY_NC_4_0,maureenclare,iNaturalist Observations,https://www.inaturalist.org/observations/70154579,,2021,2,25,US,Illinois,,42.150739,-87.773428,Agrilus planipennis
CC_BY_NC_4_0,lbellmar,iNaturalist Observations,https://www.inaturalist.org/observations/70202641,,2021,2,26,US,Illinois,,41.733488,-87.678808,Agrilus planipennis
CC_BY_NC_4_0,Larry Chen,iNaturalist Observations,https://www.inaturalist.org/observations/70232705,,2021,2,26,US,New York,,42.693103,-77.139564,Agrilus planipennis
CC_BY_NC_4_0,Sara Rall,iNaturalist Observations,https://www.inaturalist.org/observations/70403243,,2021,3,1,US,New Jersey,,40.582405,-74.550553,Agrilus planipennis
CC_BY_NC_4_0,Christopher E. Smith,iNaturalist Observations,https://www.inaturalist.org/observations/69515271,,2021,2,13,US,Minnesota,,44.888209,-92.764558,Agrilus planipennis
CC_BY_4_0,Andrew Conboy,iNaturalist Observations,https://www.inaturalist.org/observations/70110371,,2021,2,24,US,Pennsylvania,,40.106553,-75.592322,Agrilus planipennis
CC_BY_NC_4_0,Michael Ray,iNaturalist Observations,https://www.inaturalist.org/observations/70126171,,2021,2,21,US,New York,,40.856597,-73.320672,Agrilus planipennis
CC_BY_NC_4_0,nicolettasalvi,iNaturalist Observations,https://www.inaturalist.org/observations/69519896,,2021,2,12,US,New York,,41.28118,-73.646378,Agrilus planipennis
CC_BY_NC_4_0,Matthew Thompson,iNaturalist Observations,https://www.inaturalist.org/observations/69798706,,2021,2,18,US,Minnesota,,44.883063,-93.182053,Agrilus planipennis
CC_BY_4_0,Andrew Conboy,iNaturalist Observations,https://www.inaturalist.org/observations/69637533,,2021,2,15,US,Pennsylvania,,40.050575,-75.375283,Agrilus planipennis
CC_BY_4_0,Andrew Conboy,iNaturalist Observations,https://www.inaturalist.org/observations/69316775,,2021,2,9,US,Pennsylvania,,40.145471,-75.75741,Agrilus planipennis
CC_BY_4_0,Andrew Conboy,iNaturalist Observations,https://www.inaturalist.org/observations/69478026,,2021,2,12,US,Pennsylvania,,40.176512,-75.687317,Agrilus planipennis
CC0_1_0,Carrie Seltzer,iNaturalist Observations,https://www.inaturalist.org/observations/69509271,,2021,2,13,US,District of Columbia,,38.815221,-77.009011,Agrilus planipennis
CC_BY_NC_4_0,Deborah Barber,iNaturalist Observations,https://www.inaturalist.org/observations/69561844,,2021,2,13,US,District of Columbia,,38.81517,-77.009483,Agrilus planipennis
CC_BY_NC_4_0,Steph J.,iNaturalist Observations,https://www.inaturalist.org/observations/69618033,,2021,2,14,US,North Carolina,,36.009538,-78.693614,Agrilus planipennis
CC_BY_4_0,Andrew Conboy,iNaturalist Observations,https://www.inaturalist.org/observations/69270293,,2021,2,8,US,Pennsylvania,,40.119867,-75.602128,Agrilus planipennis
CC_BY_4_0,Andrew Conboy,iNaturalist Observations,https://www.inaturalist.org/observations/69070882,,2021,2,4,US,Pennsylvania,,40.234047,-75.091597,Agrilus planipennis
CC_BY_NC_4_0,planeaaron,iNaturalist Observations,https://www.inaturalist.org/observations/69049651,,2021,2,3,US,Virginia,,36.609352,-82.742646,Agrilus planipennis
CC_BY_4_0,Andrew Conboy,iNaturalist Observations,https://www.inaturalist.org/observations/69270275,,2021,2,8,US,Pennsylvania,,40.120186,-75.601945,Agrilus planipennis
CC_BY_NC_4_0,jharkness,iNaturalist Observations,https://www.inaturalist.org/observations/67639020,,2021,1,5,US,Connecticut,,41.845776,-73.461155,Agrilus planipennis
CC_BY_NC_4_0,tomprendergast,iNaturalist Observations,https://www.inaturalist.org/observations/67663509,,2021,1,6,US,Vermont,,44.602127,-73.145522,Agrilus planipennis
CC_BY_4_0,Elizabeth Axley,iNaturalist Observations,https://www.inaturalist.org/observations/68033004,,2021,1,3,US,New York,,41.841278,-73.943138,Agrilus planipennis
CC_BY_NC_4_0,hudgins,iNaturalist Observations,https://www.inaturalist.org/observations/67691734,,2021,1,6,US,Georgia,,33.818224,-84.478746,Agrilus planipennis
CC_BY_4_0,Andrew Conboy,iNaturalist Observations,https://www.inaturalist.org/observations/69270245,,2021,2,8,US,Pennsylvania,,40.217408,-75.700813,Agrilus planipennis
CC_BY_NC_4_0,bkmertz,iNaturalist Observations,https://www.inaturalist.org/observations/69433147,,2021,2,11,US,New York,,41.18188,-73.687355,Agrilus planipennis
CC_BY_NC_4_0,Sue Zucker-Scharff,iNaturalist Observations,https://www.inaturalist.org/observations/68497587,,2021,1,23,US,New York,,41.244761,-73.594599,Agrilus planipennis
CC_BY_NC_4_0,tg,iNaturalist Observations,https://www.inaturalist.org/observations/67886666,Larva,2021,1,8,US,Pennsylvania,,40.442124,-75.473474,Agrilus planipennis
CC_BY_NC_4_0,myrashulman,iNaturalist Observations,https://www.inaturalist.org/observations/68107818,,2021,1,15,US,New York,,42.5482,-76.601508,Agrilus planipennis
CC_BY_NC_4_0,Carl R. Gold,iNaturalist Observations,https://www.inaturalist.org/observations/67923277,,2021,1,11,US,Maryland,,39.427656,-76.581179,Agrilus planipennis
CC_BY_NC_4_0,phrelanzer,iNaturalist Observations,https://www.inaturalist.org/observations/68554134,,2021,1,24,US,Illinois,,41.857134,-88.080851,Agrilus planipennis
CC_BY_NC_4_0,akparrell,iNaturalist Observations,https://www.inaturalist.org/observations/68455184,,2021,1,14,US,Maryland,,38.451258,-77.262297,Agrilus planipennis
CC_BY_NC_4_0,bdale1334,iNaturalist Observations,https://www.inaturalist.org/observations/68859033,,2021,1,30,US,New York,,42.458205,-76.504122,Agrilus planipennis
CC_BY_NC_4_0,Mark Apgar,iNaturalist Observations,https://www.inaturalist.org/observations/68550996,,2021,1,23,US,Connecticut,,41.854686,-72.637381,Agrilus planipennis
CC_BY_4_0,Andrew Conboy,iNaturalist Observations,https://www.inaturalist.org/observations/68385877,,2021,1,20,US,Pennsylvania,,40.198955,-75.596766,Agrilus planipennis
CC_BY_4_0,Andrew Conboy,iNaturalist Observations,https://www.inaturalist.org/observations/68702193,,2021,1,27,US,Pennsylvania,,40.164275,-75.691063,Agrilus planipennis
CC_BY_4_0,Andrew Conboy,iNaturalist Observations,https://www.inaturalist.org/observations/67928125,,2021,1,11,US,Pennsylvania,,39.814217,-75.69973,Agrilus planipennis
CC_BY_4_0,Andrew Conboy,iNaturalist Observations,https://www.inaturalist.org/observations/68731616,,2021,1,28,US,Pennsylvania,,40.14887,-75.664413,Agrilus planipennis
CC_BY_4_0,Andrew Conboy,iNaturalist Observations,https://www.inaturalist.org/observations/68702320,,2021,1,27,US,Pennsylvania,,40.159875,-75.673263,Agrilus planipennis
CC_BY_4_0,Andrew Conboy,iNaturalist Observations,https://www.inaturalist.org/observations/68702211,,2021,1,27,US,Pennsylvania,,40.160192,-75.699958,Agrilus planipennis
CC_BY_NC_4_0,Mark Apgar,iNaturalist Observations,https://www.inaturalist.org/observations/67815733,,2021,1,9,US,Connecticut,,41.900555,-72.70027,Agrilus planipennis
CC_BY_4_0,Andrew Conboy,iNaturalist Observations,https://www.inaturalist.org/observations/67639874,,2021,1,5,US,Pennsylvania,,40.188058,-75.12625,Agrilus planipennis
CC_BY_4_0,Andrew Conboy,iNaturalist Observations,https://www.inaturalist.org/observations/67590956,,2021,1,4,US,Pennsylvania,,40.241822,-75.565855,Agrilus planipennis
CC_BY_4_0,Andrew Conboy,iNaturalist Observations,https://www.inaturalist.org/observations/67570821,,2021,1,4,US,Pennsylvania,,40.264928,-75.638292,Agrilus planipennis
CC_BY_4_0,Andrew Conboy,iNaturalist Observations,https://www.inaturalist.org/observations/67721415,,2021,1,7,US,Pennsylvania,,39.879372,-75.883858,Agrilus planipennis
CC_BY_NC_4_0,Aaron S. Young,iNaturalist Observations,https://www.inaturalist.org/observations/67472853,,2021,1,2,US,Pennsylvania,,40.438137,-79.948892,Agrilus planipennis
CC_BY_4_0,Andrew Conboy,iNaturalist Observations,https://www.inaturalist.org/observations/67591029,,2021,1,4,US,Pennsylvania,,40.24917,-75.608513,Agrilus planipennis
CC_BY_4_0,Andrew Conboy,iNaturalist Observations,https://www.inaturalist.org/observations/67639893,,2021,1,5,US,Pennsylvania,,40.160781,-75.071725,Agrilus planipennis
CC_BY_4_0,Andrew Conboy,iNaturalist Observations,https://www.inaturalist.org/observations/67476950,,2021,1,2,US,Pennsylvania,,40.58908,-75.944237,Agrilus planipennis
