license,rightsHolder,Source,occurrenceID,lifeStage,year,month,day,countryCode,stateProvince,county,latitude,longitude,species
CC0_1_0,,BISON BugGuide,1575556,Adult,2003,7,3,US,Michigan,Washtenaw,,,Agrilus planipennis
CC0_1_0,,BISON BugGuide,1575560,Adult,2003,7,3,US,Michigan,Washtenaw,,,Agrilus planipennis
CC_BY_NC_4_0,Charles Bartlett,UD UDCC,0eb2063f-3e48-473e-8d57-c47409b2648f,Adult,2003,7,18,US,Michigan,,,,Agrilus planipennis
CC_BY_4_0,,"C.A. Triplehorn Insect Collection, Ohio State University, Columbus, OH (OSUC) Insects",urn:lsid:biosci.ohio-state.edu:osuc_occurrences:OSUC__211414,Adult,2003,2,6,US,Ohio,Lucas,41.5647,-83.8481,Agrilus planipennis
CC_BY_4_0,,INHS Insect Collection,,,2003,7,9,US,Michigan,Wayne,42.36833,-83.35278,Agrilus planipennis
CC_BY_4_0,,INHS Insect Collection,,,2003,7,9,US,Michigan,Wayne,42.36833,-83.35278,Agrilus planipennis
CC_BY_4_0,,INHS Insect Collection,,,2003,7,9,US,Michigan,Wayne,42.36833,-83.35278,Agrilus planipennis
CC_BY_4_0,,INHS Insect Collection,,,2003,7,9,US,Michigan,Wayne,42.36833,-83.35278,Agrilus planipennis
CC_BY_4_0,,INHS Insect Collection,,,2003,7,9,US,Michigan,Wayne,42.36833,-83.35278,Agrilus planipennis
CC_BY_4_0,,INHS Insect Collection,,,2003,7,9,US,Michigan,Wayne,42.36833,-83.35278,Agrilus planipennis
CC_BY_4_0,,INHS Insect Collection,,,2003,7,9,US,Michigan,Wayne,42.36833,-83.35278,Agrilus planipennis
CC_BY_4_0,,INHS Insect Collection,,,2003,7,9,US,Michigan,Wayne,42.36833,-83.35278,Agrilus planipennis
CC_BY_4_0,,INHS Insect Collection,,,2003,7,9,US,Michigan,Wayne,42.36833,-83.35278,Agrilus planipennis
CC_BY_4_0,,INHS Insect Collection,,,2003,7,9,US,Michigan,Wayne,42.36833,-83.35278,Agrilus planipennis
CC_BY_NC_4_0,Texas A&M University,TAMU ENTO,d43b05c2-6a2a-487b-8e34-7408e52d4d6a,Adult,2003,7,14,US,Michigan,Ingham,42.7222099174861,-84.4272724827453,Agrilus planipennis
CC_BY_NC_4_0,Texas A&M University,TAMU ENTO,59ffd7cc-b78a-4aee-b9d8-9795d25e22b5,Adult,2003,7,14,US,Michigan,Ingham,42.7222099174861,-84.4272724827453,Agrilus planipennis
