license,rightsHolder,Source,occurrenceID,lifeStage,year,month,day,countryCode,stateProvince,county,latitude,longitude,species
CC_BY_NC_4_0,Jennifer Ogle,iNaturalist Observations,https://www.inaturalist.org/observations/50978196,,2017,8,23,US,Arkansas,,33.710777,-92.52055,Agrilus planipennis
CC0_1_0,Regents of the University of Minnesota,UMSP UMSP,608b40f8-734d-4350-9a0d-124227541e86,,2017,7,31,US,Minnesota,Ramsey,44.958187,-93.154606,Agrilus planipennis
CC0_1_0,Regents of the University of Minnesota,UMSP UMSP,45b2e8b4-37e7-437f-ad7b-6ccb999a26c9,,2017,7,31,US,Minnesota,Ramsey,44.958187,-93.154606,Agrilus planipennis
CC0_1_0,Regents of the University of Minnesota,UMSP UMSP,324dfb59-ccad-40df-b1e6-f57e60e6cdb4,,2017,6,28,US,Minnesota,Goodhue,44.523776,-92.33398,Agrilus planipennis
CC0_1_0,Regents of the University of Minnesota,UMSP UMSP,dab804c1-5e0f-442a-9ae0-d135a2bcba94,,2017,7,15,US,Minnesota,Ramsey,,,Agrilus planipennis
CC0_1_0,Regents of the University of Minnesota,UMSP UMSP,b94f2eab-4eb2-45c8-97e8-1c4bb2b0be70,,2017,7,27,US,Minnesota,Ramsey,44.958187,-93.154606,Agrilus planipennis
CC0_1_0,Regents of the University of Minnesota,UMSP UMSP,1ea5cc21-127c-4080-91a9-0988120e9a74,,2017,7,31,US,Minnesota,Ramsey,44.958187,-93.154606,Agrilus planipennis
CC0_1_0,Regents of the University of Minnesota,UMSP UMSP,660d5e76-0e22-443f-9182-235a32bffa54,,2017,7,19,US,Minnesota,Olmsted,44.003915,-92.47101,Agrilus planipennis
CC_BY_4_0,Paul Roots,iNaturalist Observations,https://www.inaturalist.org/observations/9034674,,2017,12,3,US,Illinois,,41.978328,-87.741434,Agrilus planipennis
CC_BY_NC_4_0,melindamus,iNaturalist Observations,https://www.inaturalist.org/observations/8269037,,2017,10,5,US,Illinois,,42.041748,-87.778023,Agrilus planipennis
CC_BY_NC_4_0,mcnod,iNaturalist Observations,https://www.inaturalist.org/observations/56020356,,2017,5,4,US,Maryland,,39.195276,-76.756949,Agrilus planipennis
CC_BY_NC_4_0,MaLisa Spring,iNaturalist Observations,https://www.inaturalist.org/observations/7008649,,2017,7,4,US,Ohio,,39.88233,-82.056505,Agrilus planipennis
CC_BY_NC_4_0,mannac,iNaturalist Observations,https://www.inaturalist.org/observations/37544523,Adult,2017,7,4,US,Wisconsin,,43.39472,-87.863551,Agrilus planipennis
CC_BY_NC_4_0,Jeffrey G. Cramer,iNaturalist Observations,https://www.inaturalist.org/observations/20060240,,2017,6,30,US,Wisconsin,,42.683514,-87.797975,Agrilus planipennis
CC0_1_0,,BISON BugGuide,1560583,Adult,2017,3,28,US,Texas,Tarrant,,,Agrilus planipennis
CC_BY_NC_4_0,Jeffrey G. Cramer,iNaturalist Observations,https://www.inaturalist.org/observations/20061217,,2017,6,22,US,Wisconsin,,42.683792,-87.798256,Agrilus planipennis
CC_BY_NC_4_0,Jeffrey G. Cramer,iNaturalist Observations,https://www.inaturalist.org/observations/20061228,,2017,6,18,US,Wisconsin,,42.683706,-87.798286,Agrilus planipennis
CC_BY_NC_4_0,randyshonkwiler,iNaturalist Observations,https://www.inaturalist.org/observations/8956286,,2017,11,25,US,Illinois,,41.783252,-87.578253,Agrilus planipennis
CC_BY_NC_4_0,sclyde,iNaturalist Observations,https://www.inaturalist.org/observations/5889173,,2017,4,21,US,Ohio,,40.667562,-81.338929,Agrilus planipennis
CC_BY_4_0,Michael Ellis,iNaturalist Observations,https://www.inaturalist.org/observations/5774046,,2017,4,16,US,Maryland,,39.089257,-77.020474,Agrilus planipennis
CC_BY_NC_4_0,Nancy Collins,iNaturalist Observations,https://www.inaturalist.org/observations/10417011,Adult,2017,6,19,US,Wisconsin,,42.719764,-88.041852,Agrilus planipennis
CC0_1_0,Lindsey K. Wise,iNaturalist Observations,https://www.inaturalist.org/observations/8510833,,2017,10,22,US,New York,,42.992895,-73.868323,Agrilus planipennis
CC_BY_4_0,Michael Ellis,iNaturalist Observations,https://www.inaturalist.org/observations/5856310,,2017,4,19,US,Maryland,,39.065523,-76.844778,Agrilus planipennis
CC0_1_0,,BISON BugGuide,1427927,Adult,2017,6,26,US,Pennsylvania,Bedford,,,Agrilus planipennis
CC_BY_NC_4_0,wildlifer04,iNaturalist Observations,https://www.inaturalist.org/observations/7674036,,2017,7,28,US,Pennsylvania,,41.961714,-75.956418,Agrilus planipennis
CC_BY_NC_4_0,botanicalwanderer,iNaturalist Observations,https://www.inaturalist.org/observations/6338092,,2017,5,23,US,Minnesota,,44.955451,-93.157029,Agrilus planipennis
CC_BY_NC_4_0,Jeff Skrentny,iNaturalist Observations,https://www.inaturalist.org/observations/8010171,,2017,9,20,US,Illinois,,41.982555,-87.746602,Agrilus planipennis
CC_BY_NC_4_0,Pete Woods,iNaturalist Observations,https://www.inaturalist.org/observations/6015092,,2017,4,29,US,Pennsylvania,,40.335333,-80.116068,Agrilus planipennis
CC_BY_4_0,Kent Miller,iNaturalist Observations,https://www.inaturalist.org/observations/9226077,,2017,5,26,US,Ohio,,40.614229,-81.422337,Agrilus planipennis
CC_BY_4_0,Rob Curtis,iNaturalist Observations,https://www.inaturalist.org/observations/9117805,,2017,12,9,US,Ohio,,41.15264,-81.136956,Agrilus planipennis
CC_BY_4_0,Dennis,iNaturalist Observations,https://www.inaturalist.org/observations/9053600,,2017,12,5,US,Virginia,,36.982535,-80.391197,Agrilus planipennis
CC_BY_NC_4_0,Martin J. Calabrese,iNaturalist Observations,https://www.inaturalist.org/observations/7731218,,2017,8,31,US,Ohio,,41.408534,-81.889299,Agrilus planipennis
CC_BY_NC_4_0,Martin J. Calabrese,iNaturalist Observations,https://www.inaturalist.org/observations/7468028,,2017,8,12,US,Ohio,,41.410124,-81.887839,Agrilus planipennis
CC_BY_NC_4_0,Zach Cava,iNaturalist Observations,https://www.inaturalist.org/observations/7144303,,2017,7,16,US,New York,,42.242713,-77.198708,Agrilus planipennis
CC_BY_NC_4_0,Martin J. Calabrese,iNaturalist Observations,https://www.inaturalist.org/observations/6838280,,2017,6,28,US,Ohio,,41.430565,-81.850548,Agrilus planipennis
CC_BY_NC_4_0,Martin J. Calabrese,iNaturalist Observations,https://www.inaturalist.org/observations/6794848,,2017,6,25,US,Ohio,,41.575554,-81.326385,Agrilus planipennis
CC_BY_NC_4_0,Martin J. Calabrese,iNaturalist Observations,https://www.inaturalist.org/observations/6525900,,2017,6,6,US,Ohio,,41.453609,-81.525833,Agrilus planipennis
CC_BY_NC_4_0,Val,iNaturalist Observations,https://www.inaturalist.org/observations/5817423,,2017,4,16,US,Virginia,,38.738352,-77.318117,Agrilus planipennis
CC_BY_NC_4_0,Val,iNaturalist Observations,https://www.inaturalist.org/observations/5817422,,2017,4,16,US,Virginia,,38.618078,-77.360487,Agrilus planipennis
CC0_1_0,Robert Costello,iNaturalist Observations,https://www.inaturalist.org/observations/5770745,,2017,4,16,US,District of Columbia,,38.913156,-76.941824,Agrilus planipennis
CC0_1_0,cassi saari,iNaturalist Observations,https://www.inaturalist.org/observations/5039694,,2017,2,1,US,Illinois,,41.784228,-88.438786,Agrilus planipennis
