license,rightsHolder,Source,occurrenceID,lifeStage,year,month,day,countryCode,stateProvince,county,latitude,longitude,species
CC0_1_0,Pat Conlin,iNaturalist Observations,https://www.inaturalist.org/observations/92778734,Adult,2012,8,31,US,Massachusetts,,42.425642,-73.174321,Agrilus planipennis
CC_BY_NC_4_0,Chuck Thomas,iNaturalist Observations,https://www.inaturalist.org/observations/79702065,,2012,8,3,US,Ohio,,41.383931,-82.321308,Agrilus planipennis
CC0_1_0,Regents of the University of Minnesota,UMSP UMSP,5ac1a0e9-b233-4e44-880f-0c2b2ceaac34,,2012,3,10,US,Minnesota,Ramsey,,,Agrilus planipennis
CC0_1_0,Regents of the University of Minnesota,UMSP UMSP,af220882-2034-44d1-8028-5b04b76f76d4,,2012,2,3,US,Minnesota,Ramsey,,,Agrilus planipennis
CC0_1_0,Regents of the University of Minnesota,UMSP UMSP,5b18e574-edbb-417e-8935-c99bcefad5d0,,2012,3,10,US,Minnesota,Ramsey,,,Agrilus planipennis
CC0_1_0,Regents of the University of Minnesota,UMSP UMSP,0fdf90b9-9326-40c6-bb61-336e1243d455,,2012,3,10,US,Minnesota,Ramsey,,,Agrilus planipennis
CC0_1_0,Regents of the University of Minnesota,UMSP UMSP,50857809-ccd6-44de-9fb0-04b3a50ef29a,,2012,3,10,US,Minnesota,Ramsey,,,Agrilus planipennis
CC0_1_0,Regents of the University of Minnesota,UMSP UMSP,60d1ba04-21c5-4b98-80fc-edfb76e87833,,2012,3,10,US,Minnesota,Ramsey,,,Agrilus planipennis
CC0_1_0,Regents of the University of Minnesota,UMSP UMSP,26740587-13a4-4806-b0c5-f59148d927a1,,2012,3,10,US,Minnesota,Ramsey,,,Agrilus planipennis
CC0_1_0,Regents of the University of Minnesota,UMSP UMSP,2ba3ec2d-4151-422d-881f-f1da45b2a754,,2012,3,10,US,Minnesota,Ramsey,,,Agrilus planipennis
CC0_1_0,Regents of the University of Minnesota,UMSP UMSP,56dae973-4a30-417a-9536-223b2e5e69ea,,2012,3,10,US,Minnesota,Ramsey,,,Agrilus planipennis
CC0_1_0,Regents of the University of Minnesota,UMSP UMSP,10536954-ff96-4ef7-9729-bba5f9832619,,2012,3,10,US,Minnesota,Ramsey,,,Agrilus planipennis
CC0_1_0,Regents of the University of Minnesota,UMSP UMSP,3f516e98-4881-4413-a073-ab6f5db92dac,,2012,3,10,US,Minnesota,Ramsey,,,Agrilus planipennis
CC0_1_0,Regents of the University of Minnesota,UMSP UMSP,ba34b7fc-305f-42a2-8724-053d50278cfc,,2012,3,10,US,Minnesota,Ramsey,,,Agrilus planipennis
CC0_1_0,Regents of the University of Minnesota,UMSP UMSP,9e126cea-e33a-45ed-9ab1-13c8391e164b,,2012,3,10,US,Minnesota,Ramsey,,,Agrilus planipennis
CC0_1_0,Regents of the University of Minnesota,UMSP UMSP,5ed262b2-1c47-4cbe-9bff-264a15cd78b1,,2012,3,10,US,Minnesota,Ramsey,,,Agrilus planipennis
CC0_1_0,Regents of the University of Minnesota,UMSP UMSP,e3874deb-2936-466e-a794-47b8661d4d5a,,2012,3,10,US,Minnesota,Ramsey,,,Agrilus planipennis
CC0_1_0,Regents of the University of Minnesota,UMSP UMSP,6e4fc081-36d9-44a5-9bc1-40ec187d325b,,2012,3,10,US,Minnesota,Ramsey,,,Agrilus planipennis
CC0_1_0,Regents of the University of Minnesota,UMSP UMSP,6c8fc5dd-c43b-4435-8f6d-700327720109,,2012,3,10,US,Minnesota,Ramsey,,,Agrilus planipennis
CC0_1_0,Regents of the University of Minnesota,UMSP UMSP,2260b31c-dc9b-4bbc-8834-109f77cff722,,2012,3,10,US,Minnesota,Ramsey,,,Agrilus planipennis
CC0_1_0,Regents of the University of Minnesota,UMSP UMSP,00777125-b7f9-4919-a4f1-670cc3e09855,,2012,3,10,US,Minnesota,Ramsey,,,Agrilus planipennis
CC0_1_0,Regents of the University of Minnesota,UMSP UMSP,06d9335b-a201-452a-93af-09047ae93fa4,,2012,3,10,US,Minnesota,Ramsey,,,Agrilus planipennis
CC0_1_0,Regents of the University of Minnesota,UMSP UMSP,a031a117-9fa0-4c48-b95f-36d0c0e70919,,2012,3,10,US,Minnesota,Ramsey,,,Agrilus planipennis
CC0_1_0,Regents of the University of Minnesota,UMSP UMSP,3a69f169-9995-430c-8275-2482e2d16e59,,2012,3,10,US,Minnesota,Ramsey,,,Agrilus planipennis
CC0_1_0,,BISON BugGuide,637598,Adult,2012,5,5,US,Indiana,allen,,,Agrilus planipennis
CC0_1_0,,BISON BugGuide,687382,Adult,2012,8,9,US,Michigan,Livingston,,,Agrilus planipennis
CC0_1_0,,BISON BugGuide,663729,Adult,2012,6,24,US,Indiana,Noble,,,Agrilus planipennis
CC0_1_0,,BISON BugGuide,682010,Adult,2012,5,30,US,Pennsylvania,Allegheny,,,Agrilus planipennis
