license,rightsHolder,Source,occurrenceID,lifeStage,year,month,day,countryCode,stateProvince,county,latitude,longitude,species
CC_BY_NC_4_0,Elizabeth Haber,iNaturalist Observations,https://www.inaturalist.org/observations/37659129,,2007,10,19,US,Michigan,,42.322244,-84.089596,Agrilus planipennis
CC_BY_NC_4_0,Texas A&M University,TAMU ENTO,0e7ed7d1-5803-4443-880a-913441973d3d,Adult,2007,6,20,US,Michigan,Lenawee,42.05943,-84.2207,Agrilus planipennis
CC_BY_NC_4_0,Texas A&M University,TAMU ENTO,df8c888f-f953-4607-a60c-7769025e749b,Adult,2007,6,20,US,Michigan,Lenawee,42.05943,-84.2207,Agrilus planipennis
CC_BY_NC_4_0,Texas A&M University,TAMU ENTO,83d8f76a-6622-48e6-9595-46132975b064,Adult,2007,6,20,US,Michigan,Lenawee,42.05943,-84.2207,Agrilus planipennis
CC_BY_NC_4_0,Texas A&M University,TAMU ENTO,e00655a1-f53b-4ea9-a80e-df1927cf35e1,Adult,2007,6,20,US,Michigan,Lenawee,42.05943,-84.2207,Agrilus planipennis
