license,rightsHolder,Source,occurrenceID,lifeStage,year,month,day,countryCode,stateProvince,county,latitude,longitude,species
CC_BY_4_0,, ,JENH02000000,,2013,7,31,US,,,,,Agrilus planipennis
CC_BY_NC_4_0,Matthew Drollinger,iNaturalist Observations,https://www.inaturalist.org/observations/86946638,Adult,2013,7,6,US,Wisconsin,,43.43394,-88.022927,Agrilus planipennis
CC_BY_NC_4_0,bugs-and-trees,iNaturalist Observations,https://www.inaturalist.org/observations/75053522,,2013,5,20,US,Ohio,,40.001902,-83.028969,Agrilus planipennis
CC0_1_0,Regents of the University of Minnesota,UMSP UMSP,daa03305-6107-4fb4-883a-40f5eda29b09,,2013,3,16,US,Minnesota,Ramsey,,,Agrilus planipennis
CC0_1_0,Regents of the University of Minnesota,UMSP UMSP,03d09c73-6f2c-4727-8edc-158569818ca4,,2013,3,16,US,Minnesota,Ramsey,,,Agrilus planipennis
CC0_1_0,Regents of the University of Minnesota,UMSP UMSP,475c43a5-d618-4271-9b95-6a930359ebe2,,2013,3,16,US,Minnesota,Ramsey,,,Agrilus planipennis
CC0_1_0,Regents of the University of Minnesota,UMSP UMSP,1ab57233-469f-497e-8d8d-593c23c0b7aa,,2013,3,16,US,Minnesota,Ramsey,,,Agrilus planipennis
CC0_1_0,Regents of the University of Minnesota,UMSP UMSP,5fd629fe-29ec-4720-b2b5-e8aee3ff83f7,,2013,3,16,US,Minnesota,Ramsey,,,Agrilus planipennis
CC0_1_0,Regents of the University of Minnesota,UMSP UMSP,1a648771-e1e0-4450-9d18-84bf4c8bb84d,,2013,3,16,US,Minnesota,Ramsey,,,Agrilus planipennis
CC0_1_0,Regents of the University of Minnesota,UMSP UMSP,4d02fda2-79bf-4377-9e6e-aeac08acd33c,,2013,3,16,US,Minnesota,Ramsey,,,Agrilus planipennis
CC0_1_0,Regents of the University of Minnesota,UMSP UMSP,28f5786c-a157-41b1-b016-83f8e17cd638,,2013,3,16,US,Minnesota,Ramsey,,,Agrilus planipennis
CC0_1_0,Regents of the University of Minnesota,UMSP UMSP,f117540e-5ca0-4cb1-b4f2-7cc4132398f7,,2013,3,16,US,Minnesota,Ramsey,,,Agrilus planipennis
CC0_1_0,Regents of the University of Minnesota,UMSP UMSP,92ef470f-bb3e-4c12-a217-69df1d6656af,,2013,3,16,US,Minnesota,Ramsey,,,Agrilus planipennis
CC0_1_0,Regents of the University of Minnesota,UMSP UMSP,508576b2-da4f-4f92-a340-f981847bc251,,2013,3,16,US,Minnesota,Ramsey,,,Agrilus planipennis
CC0_1_0,Regents of the University of Minnesota,UMSP UMSP,41ab334d-8ac9-42ca-99a4-79bfaf1ffa75,,2013,3,16,US,Minnesota,Ramsey,,,Agrilus planipennis
CC0_1_0,Regents of the University of Minnesota,UMSP UMSP,d3510a19-7721-48bf-8bc6-b81e77d57d5b,,2013,3,16,US,Minnesota,Ramsey,,,Agrilus planipennis
CC0_1_0,Regents of the University of Minnesota,UMSP UMSP,ea8291a0-e361-449c-be99-119fda2075c9,,2013,3,16,US,Minnesota,Ramsey,,,Agrilus planipennis
CC0_1_0,Regents of the University of Minnesota,UMSP UMSP,8ed3cef6-641f-442d-a6f3-3bf6f3c5f86e,,2013,3,16,US,Minnesota,Ramsey,,,Agrilus planipennis
CC0_1_0,Regents of the University of Minnesota,UMSP UMSP,6b4f85df-31d4-4137-8a6c-017b35f385bf,,2013,3,16,US,Minnesota,Ramsey,,,Agrilus planipennis
CC0_1_0,Regents of the University of Minnesota,UMSP UMSP,4ba3ca23-6c8d-4f4a-8c2e-b26be77f0d02,,2013,3,16,US,Minnesota,Ramsey,,,Agrilus planipennis
CC0_1_0,Regents of the University of Minnesota,UMSP UMSP,86509045-0cc8-4503-a9dc-d765d9ad6199,,2013,3,16,US,Minnesota,Ramsey,,,Agrilus planipennis
CC0_1_0,Regents of the University of Minnesota,UMSP UMSP,9de6ba0f-dd7f-4339-bf4a-512383312f2c,,2013,3,16,US,Minnesota,Ramsey,,,Agrilus planipennis
CC0_1_0,Regents of the University of Minnesota,UMSP UMSP,39a2b8eb-b806-445c-b4d3-12be7f27194f,,2013,3,16,US,Minnesota,Ramsey,,,Agrilus planipennis
CC0_1_0,Regents of the University of Minnesota,UMSP UMSP,c3fb6875-8676-4ede-bae2-c809eb9d1d87,,2013,3,16,US,Minnesota,Ramsey,,,Agrilus planipennis
CC0_1_0,Regents of the University of Minnesota,UMSP UMSP,6bb6a148-41c6-479b-9bda-529102214226,,2013,3,16,US,Minnesota,Ramsey,,,Agrilus planipennis
CC0_1_0,Regents of the University of Minnesota,UMSP UMSP,a8919b6e-600b-43d4-9f0e-963116aea954,,2013,3,16,US,Minnesota,Ramsey,,,Agrilus planipennis
CC0_1_0,Regents of the University of Minnesota,UMSP UMSP,48c22b23-375b-409e-ab07-76da69941f2c,,2013,3,16,US,Minnesota,Ramsey,,,Agrilus planipennis
CC0_1_0,Regents of the University of Minnesota,UMSP UMSP,057df8ed-13ec-4de7-8c31-13ccd5b100c6,,2013,3,16,US,Minnesota,Ramsey,,,Agrilus planipennis
CC0_1_0,Regents of the University of Minnesota,UMSP UMSP,fc7eb7a1-76f0-4080-8af3-01328163422f,,2013,3,16,US,Minnesota,Ramsey,,,Agrilus planipennis
CC0_1_0,Regents of the University of Minnesota,UMSP UMSP,8be9faec-99fe-460d-8048-ca6314f2b752,,2013,3,16,US,Minnesota,Ramsey,,,Agrilus planipennis
CC0_1_0,Regents of the University of Minnesota,UMSP UMSP,a2c9f225-cb73-48d7-94c8-bf6280c9975d,,2013,3,16,US,Minnesota,Ramsey,,,Agrilus planipennis
CC_BY_NC_4_0,MC Barnhart,iNaturalist Observations,https://www.inaturalist.org/observations/69767588,,2013,6,23,US,Kentucky,,39.080004,-84.540483,Agrilus planipennis
CC_BY_NC_4_0,MC Barnhart,iNaturalist Observations,https://www.inaturalist.org/observations/69767415,,2013,6,22,US,Kentucky,,39.080004,-84.540483,Agrilus planipennis
CC_BY_NC_4_0,MC Barnhart,iNaturalist Observations,https://www.inaturalist.org/observations/69767414,,2013,6,23,US,Kentucky,,39.080004,-84.540483,Agrilus planipennis
CC_BY_NC_4_0,Jesse Lincoln,iNaturalist Observations,http://www.inaturalist.org/observations/433466,,2013,10,18,US,Michigan,,43.426905,-83.438217,Agrilus planipennis
CC_BY_NC_4_0,William Hull,iNaturalist Observations,https://www.inaturalist.org/observations/19232399,,2013,6,25,US,Ohio,,39.360881,-84.175564,Agrilus planipennis
CC0_1_0,,BISON BugGuide,799292,Adult,2013,6,8,US,Ohio,Greene,,,Agrilus planipennis
CC0_1_0,,BISON BugGuide,787497,Adult,2013,6,16,US,Indiana,Lake,,,Agrilus planipennis
CC0_1_0,,BISON BugGuide,847107,Adult,2013,6,25,US,Ohio,Warren,,,Agrilus planipennis
CC0_1_0,,BISON BugGuide,799309,,2013,6,8,US,Ohio,Greene,,,Agrilus planipennis
CC0_1_0,,BISON BugGuide,799296,Adult,2013,6,8,US,Ohio,Greene,,,Agrilus planipennis
CC_BY_NC_4_0,dziomber,iNaturalist Observations,https://www.inaturalist.org/observations/10162715,Adult,2013,7,14,US,Illinois,,41.983671,-87.755377,Agrilus planipennis
CC_BY_4_0,Ben Smith,iNaturalist Observations,https://www.inaturalist.org/observations/9137577,,2013,6,18,US,Virginia,,38.840391,-77.428877,Agrilus planipennis
CC_BY_NC_4_0,Erin Faulkner,iNaturalist Observations,http://www.inaturalist.org/observations/359210,,2013,8,7,US,Illinois,,42.039036,-87.792879,Agrilus planipennis
CC_BY_NC_4_0,Charles Bartlett,UD UDCC,8b071d40-7e65-4569-92f0-3dc24e3a63f1,Adult,2013,6,15,US,Maryland,Prince George's,38.735556,-76.826111,Agrilus planipennis
CC_BY_NC_4_0,Charles Bartlett,UD UDCC,311d5fb6-38cd-4459-9ca9-c3cb08377fa2,Adult,2013,6,15,US,Maryland,Prince George's,38.735556,-76.826111,Agrilus planipennis
CC_BY_NC_4_0,Charles Bartlett,UD UDCC,24106b92-7b5a-4887-bf94-456f950d4147,Adult,2013,6,15,US,Maryland,Prince George's,38.735556,-76.826111,Agrilus planipennis
CC_BY_NC_4_0,Jesse Lincoln,iNaturalist Observations,http://www.inaturalist.org/observations/295969,,2013,6,11,US,Michigan,,43.006167,-85.002167,Agrilus planipennis
CC_BY_4_0,,KU SEMC,2ba6f89e-904d-4155-842e-b909bd078d62,Adult,2013,6,19,US,Kansas,Wyandotte,39.1728499990759,-94.78297,Agrilus planipennis
CC_BY_4_0,Jason Whittle,iNaturalist Observations,http://www.inaturalist.org/observations/468615,,2013,11,26,US,Ohio,,40.958412,-83.657692,Agrilus planipennis
CC_BY_NC_4_0,Erin Faulkner,iNaturalist Observations,http://www.inaturalist.org/observations/398683,,2013,9,14,US,Illinois,,41.999585,-87.776004,Agrilus planipennis
CC0_1_0,cassi saari,iNaturalist Observations,http://www.inaturalist.org/observations/397753,,2013,9,14,US,Illinois,,42.0016,-87.778357,Agrilus planipennis
CC0_1_0,cassi saari,iNaturalist Observations,http://www.inaturalist.org/observations/357669,,2013,7,29,US,Illinois,,41.643706,-88.540884,Agrilus planipennis
CC_BY_NC_4_0,Jesse Lincoln,iNaturalist Observations,http://www.inaturalist.org/observations/327689,,2013,6,18,US,Michigan,,43.076667,-84.7805,Agrilus planipennis
CC_BY_4_0,Kent Miller,iNaturalist Observations,http://www.inaturalist.org/observations/305929,,2013,6,20,US,Ohio,,40.963669,-81.331219,Agrilus planipennis
CC_BY_NC_4_0,ephraimz,iNaturalist Observations,http://www.inaturalist.org/observations/284890,,2013,6,1,US,Pennsylvania,,40.50932,-80.078997,Agrilus planipennis
