license,rightsHolder,Source,occurrenceID,lifeStage,year,month,day,countryCode,stateProvince,county,latitude,longitude,species
CC_BY_NC_4_0,kiernanmc,iNaturalist Observations,https://www.inaturalist.org/observations/63599571,,2020,10,26,US,Kentucky,,37.993233,-84.531503,Agrilus planipennis
CC_BY_4_0,Whitni Brown,iNaturalist Observations,https://www.inaturalist.org/observations/48521329,,2020,6,2,US,Maryland,,39.431713,-76.783986,Agrilus planipennis
CC_BY_NC_4_0,Martyn Drabik-Hamshare,iNaturalist Observations,https://www.inaturalist.org/observations/50725114,Adult,2020,6,23,US,Ohio,,41.428991,-82.643683,Agrilus planipennis
CC_BY_NC_4_0,eovran,iNaturalist Observations,https://www.inaturalist.org/observations/62192226,,2020,10,10,US,Ohio,,39.951126,-83.448902,Agrilus planipennis
CC0_1_0,Kristen Diesburg,iNaturalist Observations,https://www.inaturalist.org/observations/51187303,Adult,2020,6,26,US,Ohio,,39.462198,-84.220454,Agrilus planipennis
CC_BY_4_0,Emily Summerbell,iNaturalist Observations,https://www.inaturalist.org/observations/59391585,,2020,9,12,US,Maryland,,39.097072,-77.117057,Agrilus planipennis
CC_BY_4_0,Patrick Hanly,iNaturalist Observations,https://www.inaturalist.org/observations/38064948,,2020,1,28,US,Michigan,,42.693078,-84.383186,Agrilus planipennis
CC_BY_NC_4_0,doug reith,iNaturalist Observations,https://www.inaturalist.org/observations/63342819,,2020,10,23,US,Michigan,,42.312063,-83.93386,Agrilus planipennis
CC_BY_NC_4_0,schnumis,iNaturalist Observations,https://www.inaturalist.org/observations/62349370,,2020,10,11,US,Illinois,,41.975241,-87.738522,Agrilus planipennis
CC_BY_NC_4_0,jrsweet,iNaturalist Observations,https://www.inaturalist.org/observations/58670313,,2020,9,5,US,Virginia,,38.230784,-79.601775,Agrilus planipennis
CC_BY_NC_4_0,jonkat,iNaturalist Observations,https://www.inaturalist.org/observations/51694336,,2020,4,22,US,Pennsylvania,,40.230985,-75.876633,Agrilus planipennis
CC_BY_NC_4_0,duckvader,iNaturalist Observations,https://www.inaturalist.org/observations/53204813,,2020,7,10,US,New York,,43.041806,-76.181137,Agrilus planipennis
CC_BY_4_0,Juan Cepeda Espinosa,iNaturalist Observations,https://www.inaturalist.org/observations/57503841,Larva,2020,8,23,US,New Jersey,,40.874518,-74.575997,Agrilus planipennis
CC_BY_4_0,Jeff Clark,iNaturalist Observations,https://www.inaturalist.org/observations/62566803,,2020,10,14,US,Virginia,,38.859729,-77.496465,Agrilus planipennis
CC_BY_NC_4_0,laurlou,iNaturalist Observations,https://www.inaturalist.org/observations/68891232,,2020,10,14,US,Minnesota,,44.939003,-93.081963,Agrilus planipennis
CC_BY_NC_4_0,Penny Firth,iNaturalist Observations,https://www.inaturalist.org/observations/52197130,,2020,7,5,US,Virginia,,38.38,-77.78,Agrilus planipennis
CC_BY_NC_4_0,Cathy Murray,iNaturalist Observations,https://www.inaturalist.org/observations/40691570,,2020,3,24,US,Michigan,,43.57803,-84.85254,Agrilus planipennis
CC_BY_NC_4_0,lucjarzepa,iNaturalist Observations,https://www.inaturalist.org/observations/49397398,,2020,6,12,US,New York,,43.246541,-77.469484,Agrilus planipennis
CC_BY_NC_4_0,Alice Thompson,iNaturalist Observations,https://www.inaturalist.org/observations/62651768,,2020,10,15,US,Maryland,,39.459929,-76.654053,Agrilus planipennis
CC_BY_NC_4_0,mearsley,iNaturalist Observations,https://www.inaturalist.org/observations/50146588,,2020,6,19,US,Illinois,,42.109035,-87.766232,Agrilus planipennis
CC_BY_NC_4_0,Joe Dziewa,iNaturalist Observations,https://www.inaturalist.org/observations/62818950,,2020,9,28,US,New York,,42.930597,-78.867967,Agrilus planipennis
CC_BY_NC_4_0,carriestaples,iNaturalist Observations,https://www.inaturalist.org/observations/38364054,,2020,2,4,US,Virginia,,38.769528,-77.047255,Agrilus planipennis
CC_BY_NC_4_0,Michael J. W. Carr,iNaturalist Observations,https://www.inaturalist.org/observations/48585185,,2020,6,5,US,Virginia,,38.939486,-78.03932,Agrilus planipennis
CC_BY_NC_4_0,Lance Jessee,iNaturalist Observations,https://www.inaturalist.org/observations/40390290,,2020,3,21,US,Tennessee,,36.577388,-82.230831,Agrilus planipennis
CC_BY_NC_4_0,Joe Protano,iNaturalist Observations,https://www.inaturalist.org/observations/63237312,,2020,10,22,US,Delaware,,39.798988,-75.661598,Agrilus planipennis
CC_BY_4_0,Jeff Clark,iNaturalist Observations,https://www.inaturalist.org/observations/49145122,,2020,6,10,US,Virginia,,38.858222,-77.327828,Agrilus planipennis
CC_BY_NC_4_0,shutchen,iNaturalist Observations,https://www.inaturalist.org/observations/63252619,,2020,10,22,US,Indiana,,40.421354,-86.899409,Agrilus planipennis
CC_BY_NC_4_0,Doug,iNaturalist Observations,https://www.inaturalist.org/observations/40160098,,2020,3,16,US,Connecticut,,41.589674,-72.9784,Agrilus planipennis
CC_BY_NC_4_0,cutebugsroy,iNaturalist Observations,https://www.inaturalist.org/observations/57077251,,2020,8,20,US,Michigan,,42.889407,-85.709522,Agrilus planipennis
CC_BY_4_0,Kimberely Goodwin,iNaturalist Observations,https://www.inaturalist.org/observations/53652395,,2020,7,13,US,New York,,43.100863,-77.703234,Agrilus planipennis
CC_BY_NC_4_0,walt_reutzel,iNaturalist Observations,https://www.inaturalist.org/observations/50005749,,2020,6,17,US,Ohio,,38.799044,-83.540475,Agrilus planipennis
CC_BY_NC_4_0,dottiew,iNaturalist Observations,https://www.inaturalist.org/observations/63849850,,2020,10,15,US,Virginia,,38.636856,-78.313219,Agrilus planipennis
CC_BY_4_0,Emmett Collins-Sussman,iNaturalist Observations,https://www.inaturalist.org/observations/68221590,Adult,2020,7,1,US,Wisconsin,,43.319764,-88.305139,Agrilus planipennis
CC_BY_4_0,Andrew Conboy,iNaturalist Observations,https://www.inaturalist.org/observations/67374351,,2020,12,31,US,Pennsylvania,,40.22955,-75.120133,Agrilus planipennis
CC_BY_NC_4_0,Kevin Barry,iNaturalist Observations,https://www.inaturalist.org/observations/63611502,,2020,3,14,US,Pennsylvania,,40.323596,-80.104651,Agrilus planipennis
CC_BY_4_0,Andrew Conboy,iNaturalist Observations,https://www.inaturalist.org/observations/67374609,,2020,12,31,US,Pennsylvania,,40.204297,-75.165025,Agrilus planipennis
CC_BY_4_0,Andrew Conboy,iNaturalist Observations,https://www.inaturalist.org/observations/67374316,,2020,12,31,US,Pennsylvania,,40.220517,-75.141586,Agrilus planipennis
CC_BY_4_0,Andrew Conboy,iNaturalist Observations,https://www.inaturalist.org/observations/67220514,,2020,12,28,US,Pennsylvania,,40.184855,-75.198928,Agrilus planipennis
CC_BY_4_0,Andrew Conboy,iNaturalist Observations,https://www.inaturalist.org/observations/67374412,,2020,12,31,US,Pennsylvania,,40.224937,-75.12908,Agrilus planipennis
CC_BY_4_0,Andrew Conboy,iNaturalist Observations,https://www.inaturalist.org/observations/67220312,,2020,12,28,US,Pennsylvania,,40.200262,-75.18984,Agrilus planipennis
CC_BY_NC_4_0,smuller,iNaturalist Observations,https://www.inaturalist.org/observations/67375089,,2020,10,4,US,Maryland,,39.340391,-77.753523,Agrilus planipennis
CC_BY_NC_4_0,spicygremlin,iNaturalist Observations,https://www.inaturalist.org/observations/61224743,,2020,9,28,US,Virginia,,36.558781,-78.476597,Agrilus planipennis
CC_BY_NC_4_0,Ian Shackleford,iNaturalist Observations,https://www.inaturalist.org/observations/63662501,,2020,9,29,US,Michigan,,46.754807,-88.736036,Agrilus planipennis
CC_BY_4_0,Andrew Conboy,iNaturalist Observations,https://www.inaturalist.org/observations/67271666,,2020,12,29,US,Pennsylvania,,40.1213,-75.238905,Agrilus planipennis
CC_BY_4_0,Rafael Medina,iNaturalist Observations,https://www.inaturalist.org/observations/39427557,,2020,3,1,US,Illinois,,41.84843,-89.338958,Agrilus planipennis
CC_BY_4_0,Andrew Conboy,iNaturalist Observations,https://www.inaturalist.org/observations/67374576,,2020,12,31,US,Pennsylvania,,40.211338,-75.166533,Agrilus planipennis
CC_BY_4_0,Andrew Conboy,iNaturalist Observations,https://www.inaturalist.org/observations/67191880,,2020,12,28,US,Pennsylvania,,40.133611,-75.299893,Agrilus planipennis
CC_BY_NC_4_0,Deborah Barber,iNaturalist Observations,https://www.inaturalist.org/observations/67231526,,2020,12,28,US,Maryland,,38.983708,-77.23793,Agrilus planipennis
CC_BY_4_0,Andrew Conboy,iNaturalist Observations,https://www.inaturalist.org/observations/67374360,,2020,12,31,US,Pennsylvania,,40.229553,-75.120125,Agrilus planipennis
CC_BY_NC_4_0,Deborah Barber,iNaturalist Observations,https://www.inaturalist.org/observations/67231497,,2020,12,28,US,Maryland,,38.97588,-77.223488,Agrilus planipennis
CC_BY_4_0,Andrew Conboy,iNaturalist Observations,https://www.inaturalist.org/observations/67196910,,2020,12,28,US,Pennsylvania,,40.178708,-75.205995,Agrilus planipennis
CC_BY_NC_4_0,pipercschwenk,iNaturalist Observations,https://www.inaturalist.org/observations/59032028,,2020,9,9,US,Pennsylvania,,41.125953,-78.751801,Agrilus planipennis
CC_BY_NC_4_0,spicygremlin,iNaturalist Observations,https://www.inaturalist.org/observations/61038973,,2020,8,9,US,Virginia,,36.558781,-78.476597,Agrilus planipennis
CC_BY_4_0,Andrew Conboy,iNaturalist Observations,https://www.inaturalist.org/observations/67374510,,2020,12,31,US,Pennsylvania,,40.215417,-75.1604,Agrilus planipennis
CC_BY_4_0,Andrew Conboy,iNaturalist Observations,https://www.inaturalist.org/observations/67374450,,2020,12,31,US,Pennsylvania,,40.215417,-75.1604,Agrilus planipennis
CC_BY_NC_4_0,lentzja,iNaturalist Observations,https://www.inaturalist.org/observations/61018984,,2020,9,27,US,Ohio,,41.1,-81.91,Agrilus planipennis
CC_BY_4_0,Andrew Conboy,iNaturalist Observations,https://www.inaturalist.org/observations/67374345,,2020,12,31,US,Pennsylvania,,40.2505,-75.140328,Agrilus planipennis
CC_BY_NC_4_0,jfi238,iNaturalist Observations,https://www.inaturalist.org/observations/63544731,,2020,10,22,US,Kentucky,,38.014368,-84.509258,Agrilus planipennis
CC_BY_NC_4_0,demarsnat,iNaturalist Observations,https://www.inaturalist.org/observations/63717942,,2020,10,28,US,Indiana,,40.439884,-86.903193,Agrilus planipennis
CC_BY_4_0,Andrew Conboy,iNaturalist Observations,https://www.inaturalist.org/observations/67302536,,2020,12,30,US,Pennsylvania,,40.088031,-75.264112,Agrilus planipennis
CC_BY_NC_4_0,jlgoch,iNaturalist Observations,https://www.inaturalist.org/observations/59331703,,2020,9,12,US,Maryland,,39.651824,-76.580306,Agrilus planipennis
CC_BY_NC_4_0,Patricia Butter,iNaturalist Observations,https://www.inaturalist.org/observations/64279190,,2020,11,2,US,New York,,41.116472,-73.804746,Agrilus planipennis
CC_BY_4_0,Andrew Conboy,iNaturalist Observations,https://www.inaturalist.org/observations/67271698,,2020,12,29,US,Pennsylvania,,40.140756,-75.15293,Agrilus planipennis
CC_BY_NC_4_0,Deborah Barber,iNaturalist Observations,https://www.inaturalist.org/observations/67231518,,2020,12,28,US,Maryland,,38.979492,-77.225563,Agrilus planipennis
CC_BY_NC_4_0,hb2000,iNaturalist Observations,https://www.inaturalist.org/observations/65238892,,2020,11,19,US,New Jersey,,40.456103,-74.457827,Agrilus planipennis
CC_BY_4_0,Andrew Conboy,iNaturalist Observations,https://www.inaturalist.org/observations/67374618,,2020,12,31,US,Pennsylvania,,40.18512,-75.220658,Agrilus planipennis
CC_BY_NC_4_0,Deborah Barber,iNaturalist Observations,https://www.inaturalist.org/observations/67231512,,2020,12,28,US,Maryland,,38.977888,-77.22473,Agrilus planipennis
CC_BY_NC_4_0,Tara Bauman,iNaturalist Observations,https://www.inaturalist.org/observations/59683614,,2020,8,16,US,Illinois,,40.357863,-89.124144,Agrilus planipennis
CC_BY_4_0,Andrew Conboy,iNaturalist Observations,https://www.inaturalist.org/observations/67374391,,2020,12,31,US,Pennsylvania,,40.22947,-75.119667,Agrilus planipennis
CC_BY_NC_4_0,fireflydrake,iNaturalist Observations,https://www.inaturalist.org/observations/60761776,,2020,9,25,US,New York,,42.546055,-73.606483,Agrilus planipennis
CC_BY_NC_4_0,Jonathan R.,iNaturalist Observations,https://www.inaturalist.org/observations/63588360,,2020,10,26,US,Pennsylvania,,42.00843,-80.190416,Agrilus planipennis
CC_BY_4_0,Andrew Conboy,iNaturalist Observations,https://www.inaturalist.org/observations/67220334,,2020,12,28,US,Pennsylvania,,40.197455,-75.199088,Agrilus planipennis
CC_BY_NC_4_0,amytsnyder,iNaturalist Observations,https://www.inaturalist.org/observations/63927402,,2020,10,31,US,Maryland,,39.0019,-77.248505,Agrilus planipennis
CC_BY_4_0,Andrew Conboy,iNaturalist Observations,https://www.inaturalist.org/observations/67271543,,2020,12,29,US,Pennsylvania,,40.126852,-75.107717,Agrilus planipennis
CC_BY_4_0,Andrew Conboy,iNaturalist Observations,https://www.inaturalist.org/observations/67374427,,2020,12,31,US,Pennsylvania,,40.226875,-75.131225,Agrilus planipennis
CC_BY_4_0,Andrew Conboy,iNaturalist Observations,https://www.inaturalist.org/observations/67220246,,2020,12,28,US,Pennsylvania,,40.205813,-75.199945,Agrilus planipennis
CC_BY_NC_4_0,waywardwes,iNaturalist Observations,https://www.inaturalist.org/observations/64870732,,2020,11,14,US,Kentucky,,37.570963,-84.309922,Agrilus planipennis
CC_BY_NC_4_0,Schmitty,iNaturalist Observations,https://www.inaturalist.org/observations/66404101,,2020,12,10,US,Wisconsin,,43.1598,-88.371429,Agrilus planipennis
CC_BY_4_0,Andrew Conboy,iNaturalist Observations,https://www.inaturalist.org/observations/66969862,,2020,12,23,US,Pennsylvania,,40.069561,-75.367159,Agrilus planipennis
CC_BY_NC_4_0,Sarah Rae,iNaturalist Observations,https://www.inaturalist.org/observations/65364430,,2020,11,21,US,Illinois,,40.786892,-89.571755,Agrilus planipennis
CC_BY_NC_4_0,Bill MacIndewar,iNaturalist Observations,https://www.inaturalist.org/observations/66747776,,2020,12,18,US,Massachusetts,,42.455407,-71.091636,Agrilus planipennis
CC_BY_NC_4_0,Simon Tolzmann,iNaturalist Observations,https://www.inaturalist.org/observations/66843008,,2020,12,20,US,Illinois,,41.83021,-87.887136,Agrilus planipennis
CC_BY_NC_4_0,djweyer,iNaturalist Observations,https://www.inaturalist.org/observations/66479650,,2020,12,12,US,Virginia,,38.997478,-77.558058,Agrilus planipennis
CC_BY_NC_4_0,Gregg Gorton,iNaturalist Observations,https://www.inaturalist.org/observations/45974562,,2020,5,15,US,Pennsylvania,,39.998499,-75.263737,Agrilus planipennis
CC_BY_NC_4_0,hb2000,iNaturalist Observations,https://www.inaturalist.org/observations/66881326,,2020,12,21,US,New Jersey,,40.472928,-74.43479,Agrilus planipennis
CC_BY_NC_4_0,Ryne Rutherford,iNaturalist Observations,https://www.inaturalist.org/observations/66589586,,2020,7,5,US,Michigan,,45.779612,-86.824632,Agrilus planipennis
CC_BY_NC_4_0,Mike,iNaturalist Observations,https://www.inaturalist.org/observations/65870553,,2020,11,28,US,Pennsylvania,,40.3354,-77.860237,Agrilus planipennis
CC_BY_NC_4_0,Matt Reala,iNaturalist Observations,https://www.inaturalist.org/observations/66543680,,2020,12,13,US,New York,,40.601672,-74.055153,Agrilus planipennis
CC_BY_NC_4_0,Jeremy Collison,iNaturalist Observations,https://www.inaturalist.org/observations/66316534,,2020,12,7,US,New York,,42.174569,-79.417261,Agrilus planipennis
CC_BY_NC_4_0,Philip Careless,iNaturalist Observations,https://www.inaturalist.org/observations/65775228,,2020,11,28,US,New York,,42.099386,-76.918838,Agrilus planipennis
CC_BY_NC_4_0,sovrappensiero,iNaturalist Observations,https://www.inaturalist.org/observations/65650284,,2020,11,26,US,West Virginia,,39.573799,-77.867944,Agrilus planipennis
CC_BY_NC_4_0,Jeff Skrentny,iNaturalist Observations,https://www.inaturalist.org/observations/64545728,,2020,11,9,US,Illinois,,42.07158,-87.924474,Agrilus planipennis
CC_BY_NC_4_0,ssimeto,iNaturalist Observations,https://www.inaturalist.org/observations/63592586,,2020,10,10,US,Minnesota,,44.05857,-92.048353,Agrilus planipennis
CC_BY_NC_4_0,Deborah Barber,iNaturalist Observations,https://www.inaturalist.org/observations/64756454,,2020,11,12,US,Maryland,,38.421275,-77.205912,Agrilus planipennis
CC_BY_NC_4_0,Deborah Barber,iNaturalist Observations,https://www.inaturalist.org/observations/64756443,,2020,11,12,US,Maryland,,38.421417,-77.206025,Agrilus planipennis
CC_BY_NC_4_0,maureenclare,iNaturalist Observations,https://www.inaturalist.org/observations/62748141,,2020,10,16,US,Illinois,,42.150458,-87.775494,Agrilus planipennis
CC_BY_4_0,Andrew Conboy,iNaturalist Observations,https://www.inaturalist.org/observations/62832703,,2020,10,17,US,Ohio,,41.21582,-81.572395,Agrilus planipennis
CC_BY_NC_4_0,kaylamarshall148,iNaturalist Observations,https://www.inaturalist.org/observations/63036749,,2020,10,19,US,Kentucky,,37.976222,-84.102586,Agrilus planipennis
CC0_1_0,Carrie Seltzer,iNaturalist Observations,https://www.inaturalist.org/observations/62805343,,2020,10,17,US,District of Columbia,,38.939839,-76.98241,Agrilus planipennis
CC_BY_4_0,Andrew Conboy,iNaturalist Observations,https://www.inaturalist.org/observations/62835792,Larva,2020,10,17,US,Ohio,,41.25787,-81.566313,Agrilus planipennis
CC_BY_4_0,Andrew Conboy,iNaturalist Observations,https://www.inaturalist.org/observations/62835297,,2020,10,17,US,Ohio,,41.260925,-81.561255,Agrilus planipennis
CC_BY_4_0,Emily Summerbell,iNaturalist Observations,https://www.inaturalist.org/observations/62991889,,2020,10,18,US,Maryland,,38.993728,-77.100692,Agrilus planipennis
CC_BY_4_0,Emily Summerbell,iNaturalist Observations,https://www.inaturalist.org/observations/62990452,,2020,10,18,US,Maryland,,38.996558,-77.105072,Agrilus planipennis
CC_BY_4_0,Andrew Conboy,iNaturalist Observations,https://www.inaturalist.org/observations/62834099,Larva,2020,10,17,US,Ohio,,41.25787,-81.566313,Agrilus planipennis
CC_BY_NC_4_0,harrin14,iNaturalist Observations,https://www.inaturalist.org/observations/61815324,,2020,10,5,US,Indiana,,40.448276,-86.934424,Agrilus planipennis
CC_BY_NC_4_0,skaltenbach24,iNaturalist Observations,https://www.inaturalist.org/observations/62419057,,2020,10,12,US,New Jersey,,40.674622,-74.435796,Agrilus planipennis
CC_BY_NC_4_0,Armin Weise,iNaturalist Observations,https://www.inaturalist.org/observations/60079724,,2020,9,18,US,North Carolina,,35.637626,-82.502292,Agrilus planipennis
CC_BY_NC_4_0,ozarkian,iNaturalist Observations,https://www.inaturalist.org/observations/59903209,Adult,2020,7,30,US,Missouri,,38.502769,-91.839655,Agrilus planipennis
CC_BY_NC_4_0,epic2112,iNaturalist Observations,https://www.inaturalist.org/observations/59726737,,2020,9,15,US,Maryland,,39.091415,-77.03306,Agrilus planipennis
CC_BY_NC_4_0,Luca Catanzaro,iNaturalist Observations,https://www.inaturalist.org/observations/57134959,,2020,8,12,US,West Virginia,,39.246413,-78.528479,Agrilus planipennis
CC_BY_NC_4_0,Jessee J. Smith,iNaturalist Observations,https://www.inaturalist.org/observations/56171130,,2020,8,5,US,Ohio,,39.572464,-84.755569,Agrilus planipennis
CC_BY_NC_4_0,Adam Herman,iNaturalist Observations,https://www.inaturalist.org/observations/55588268,Adult,2020,8,5,US,Michigan,,47.444611,-88.217056,Agrilus planipennis
CC_BY_NC_4_0,Luca Catanzaro,iNaturalist Observations,https://www.inaturalist.org/observations/55308565,,2020,7,31,US,Virginia,,38.556072,-78.387163,Agrilus planipennis
CC_BY_NC_4_0,Dra. Leah,iNaturalist Observations,https://www.inaturalist.org/observations/55176353,,2020,8,2,US,Wisconsin,,42.995794,-87.961401,Agrilus planipennis
CC_BY_NC_4_0,Jessee J. Smith,iNaturalist Observations,https://www.inaturalist.org/observations/56538641,,2020,8,5,US,Ohio,,39.562772,-84.746978,Agrilus planipennis
CC_BY_NC_4_0,wildscallions,iNaturalist Observations,https://www.inaturalist.org/observations/56736338,,2020,8,15,US,North Carolina,,36.271855,-78.911933,Agrilus planipennis
CC_BY_NC_4_0,gsw4th,iNaturalist Observations,https://www.inaturalist.org/observations/53106891,,2020,6,1,US,Delaware,,39.471645,-75.721956,Agrilus planipennis
CC_BY_4_0,Davis Harder,iNaturalist Observations,https://www.inaturalist.org/observations/50942563,,2020,6,7,US,Minnesota,,44.934193,-93.15207,Agrilus planipennis
CC_BY_NC_4_0,Brad Walker,iNaturalist Observations,https://www.inaturalist.org/observations/54535123,,2020,7,25,US,New York,,42.478274,-76.450547,Agrilus planipennis
CC_BY_NC_4_0,Brad Walker,iNaturalist Observations,https://www.inaturalist.org/observations/54535465,,2020,7,25,US,New York,,42.478274,-76.450547,Agrilus planipennis
CC_BY_NC_4_0,Shawn Billerman,iNaturalist Observations,https://www.inaturalist.org/observations/54521661,,2020,7,25,US,New York,,42.480628,-76.451395,Agrilus planipennis
CC_BY_NC_4_0,Adam Herman,iNaturalist Observations,https://www.inaturalist.org/observations/55070062,,2020,8,1,US,Michigan,,47.361267,-87.961425,Agrilus planipennis
CC_BY_NC_4_0,Adam Herman,iNaturalist Observations,https://www.inaturalist.org/observations/54312474,,2020,7,25,US,Michigan,,47.35967,-87.961013,Agrilus planipennis
CC_BY_NC_4_0,Zachary Chapman,iNaturalist Observations,https://www.inaturalist.org/observations/54365492,,2020,7,25,US,Texas,,32.859736,-97.485225,Agrilus planipennis
CC_BY_NC_4_0,buggirlbecca,iNaturalist Observations,https://www.inaturalist.org/observations/53876105,,2020,6,16,US,Delaware,,39.66872,-75.740562,Agrilus planipennis
CC_BY_NC_4_0,tg,iNaturalist Observations,https://www.inaturalist.org/observations/53797146,,2020,7,14,US,Pennsylvania,,40.443169,-75.473259,Agrilus planipennis
CC_BY_NC_4_0,Emily Hjalmarson,iNaturalist Observations,https://www.inaturalist.org/observations/53978050,,2020,7,17,US,Wisconsin,,43.633509,-88.166176,Agrilus planipennis
CC_BY_NC_4_0,sarahebailey,iNaturalist Observations,https://www.inaturalist.org/observations/52752846,,2020,7,11,US,West Virginia,,39.589906,-79.811333,Agrilus planipennis
CC_BY_NC_4_0,mahpin,iNaturalist Observations,https://www.inaturalist.org/observations/52875714,,2020,7,12,US,Minnesota,,44.958209,-93.154578,Agrilus planipennis
CC_BY_NC_4_0,mcath144,iNaturalist Observations,https://www.inaturalist.org/observations/52843061,,2020,7,12,US,Connecticut,,41.237309,-73.454642,Agrilus planipennis
CC_BY_NC_4_0,Maya,iNaturalist Observations,https://www.inaturalist.org/observations/52546690,,2020,7,9,US,New Jersey,,41.138966,-74.255309,Agrilus planipennis
CC_BY_NC_4_0,Leah,iNaturalist Observations,https://www.inaturalist.org/observations/42492468,,2020,4,18,US,Ohio,,40.171204,-83.139316,Agrilus planipennis
CC_BY_NC_4_0,pauldoxsee,iNaturalist Observations,https://www.inaturalist.org/observations/53004553,,2020,7,8,US,Wisconsin,,44.521637,-89.51867,Agrilus planipennis
CC_BY_NC_4_0,guthrand,iNaturalist Observations,https://www.inaturalist.org/observations/51426792,,2020,6,29,US,New York,,43.366659,-77.961426,Agrilus planipennis
CC_BY_NC_4_0,Andy Daun,iNaturalist Observations,https://www.inaturalist.org/observations/51865241,Adult,2020,7,3,US,Wisconsin,,43.915173,-88.33119,Agrilus planipennis
CC_BY_NC_4_0,Susan Fawcett,iNaturalist Observations,https://www.inaturalist.org/observations/51590830,,2020,6,30,US,Michigan,,45.491598,-85.088848,Agrilus planipennis
CC_BY_NC_4_0,Kevin,iNaturalist Observations,https://www.inaturalist.org/observations/51936481,,2020,7,4,US,Wisconsin,,43.160783,-88.174566,Agrilus planipennis
CC_BY_NC_4_0,mahpin,iNaturalist Observations,https://www.inaturalist.org/observations/51825941,,2020,7,1,US,Minnesota,,44.958227,-93.154583,Agrilus planipennis
CC_BY_NC_4_0,Jason J. Dombroskie,iNaturalist Observations,https://www.inaturalist.org/observations/51431769,,2020,6,29,US,New York,,42.390971,-76.372965,Agrilus planipennis
CC_BY_NC_4_0,Jeff Ward,iNaturalist Observations,https://www.inaturalist.org/observations/52081400,,2020,7,5,US,Wisconsin,,43.067228,-87.869897,Agrilus planipennis
CC0_1_0,Neil Gilbert,iNaturalist Observations,https://www.inaturalist.org/observations/52300029,,2020,7,7,US,Wisconsin,,44.786944,-87.660278,Agrilus planipennis
CC_BY_NC_4_0,mahpin,iNaturalist Observations,https://www.inaturalist.org/observations/51289354,,2020,6,28,US,Minnesota,,44.958195,-93.154597,Agrilus planipennis
CC_BY_NC_4_0,Ryne Rutherford,iNaturalist Observations,https://www.inaturalist.org/observations/52066350,,2020,7,5,US,Michigan,,45.780076,-86.825088,Agrilus planipennis
CC_BY_NC_4_0,pauldoxsee,iNaturalist Observations,https://www.inaturalist.org/observations/51405144,,2020,6,28,US,Wisconsin,,44.521663,-89.518622,Agrilus planipennis
CC_BY_NC_4_0,hunter_p,iNaturalist Observations,https://www.inaturalist.org/observations/52071198,,2020,7,5,US,Iowa,,41.362953,-94.009799,Agrilus planipennis
CC_BY_NC_4_0,Jenny Glenn,iNaturalist Observations,https://www.inaturalist.org/observations/43769981,,2020,4,26,US,Maryland,,39.004478,-76.938144,Agrilus planipennis
CC_BY_NC_4_0,mahpin,iNaturalist Observations,https://www.inaturalist.org/observations/52200597,,2020,7,6,US,Minnesota,,44.958206,-93.154618,Agrilus planipennis
CC_BY_NC_4_0,jcandersen,iNaturalist Observations,https://www.inaturalist.org/observations/51690789,Adult,2020,7,1,US,Massachusetts,,42.515633,-72.480569,Agrilus planipennis
CC_BY_NC_4_0,annemke,iNaturalist Observations,https://www.inaturalist.org/observations/51117576,,2020,6,27,US,Wisconsin,,43.064759,-87.871607,Agrilus planipennis
CC_BY_NC_4_0,Ben Bafaloukos,iNaturalist Observations,https://www.inaturalist.org/observations/51128427,,2020,6,27,US,Pennsylvania,,40.182014,-75.464645,Agrilus planipennis
CC_BY_NC_4_0,Isa Betancourt,iNaturalist Observations,https://www.inaturalist.org/observations/51315320,,2020,6,28,US,Pennsylvania,,40.432685,-75.098123,Agrilus planipennis
CC_BY_NC_4_0,dcraig13,iNaturalist Observations,https://www.inaturalist.org/observations/51378848,,2020,6,29,US,Virginia,,38.472364,-78.441491,Agrilus planipennis
CC_BY_NC_4_0,kyle1233,iNaturalist Observations,https://www.inaturalist.org/observations/50592499,,2020,6,22,US,Pennsylvania,,40.432279,-75.084534,Agrilus planipennis
CC_BY_NC_4_0,Samantha Schwab,iNaturalist Observations,https://www.inaturalist.org/observations/50076843,,2020,6,17,US,New Jersey,,40.325718,-74.409791,Agrilus planipennis
CC_BY_NC_4_0,apistopanchax,iNaturalist Observations,https://www.inaturalist.org/observations/49910540,,2020,6,16,US,Maryland,,39.515554,-76.14026,Agrilus planipennis
CC_BY_4_0,Bill Keim,iNaturalist Observations,https://www.inaturalist.org/observations/50654714,Adult,2020,6,13,US,Pennsylvania,,40.473983,-75.268042,Agrilus planipennis
CC0_1_0,Thomas Koffel,iNaturalist Observations,https://www.inaturalist.org/observations/49514709,,2020,6,13,US,Kansas,,38.91496,-95.229615,Agrilus planipennis
CC_BY_NC_4_0,Kevin,iNaturalist Observations,https://www.inaturalist.org/observations/50935485,,2020,6,25,US,Wisconsin,,43.315319,-88.312922,Agrilus planipennis
CC_BY_NC_4_0,Rob Van Epps,iNaturalist Observations,https://www.inaturalist.org/observations/50148890,,2020,4,20,US,North Carolina,,35.464931,-80.780228,Agrilus planipennis
CC_BY_4_0,Mathew Zappa,iNaturalist Observations,https://www.inaturalist.org/observations/50717207,,2020,6,23,US,Minnesota,,44.898301,-93.36297,Agrilus planipennis
CC_BY_NC_4_0,A van den Beemt,iNaturalist Observations,https://www.inaturalist.org/observations/49947925,,2020,6,17,US,Maryland,,38.965161,-76.938711,Agrilus planipennis
CC_BY_NC_4_0,Britt,iNaturalist Observations,https://www.inaturalist.org/observations/50109106,,2020,6,18,US,Illinois,,40.015048,-87.982476,Agrilus planipennis
CC_BY_NC_4_0,Nathan Peters,iNaturalist Observations,https://www.inaturalist.org/observations/49747907,,2020,6,15,US,Pennsylvania,,40.581429,-79.775968,Agrilus planipennis
CC_BY_4_0,Jessica Lowery,iNaturalist Observations,https://www.inaturalist.org/observations/49396194,,2020,6,12,US,Ohio,,40.126669,-82.931881,Agrilus planipennis
CC_BY_NC_4_0,ryjbass,iNaturalist Observations,https://www.inaturalist.org/observations/50718825,,2020,6,23,US,New York,,41.353005,-73.952653,Agrilus planipennis
CC_BY_NC_4_0,Deborah Barber,iNaturalist Observations,https://www.inaturalist.org/observations/42291914,,2020,4,15,US,District of Columbia,,38.894825,-77.06018,Agrilus planipennis
CC_BY_NC_4_0,Nathaniel Schwartz,iNaturalist Observations,https://www.inaturalist.org/observations/49403760,,2020,6,6,US,Virginia,,38.302214,-79.294014,Agrilus planipennis
CC_BY_NC_4_0,kneppl,iNaturalist Observations,https://www.inaturalist.org/observations/48060019,,2020,5,31,US,North Carolina,,36.409331,-80.413133,Agrilus planipennis
CC_BY_NC_4_0,Michelle Khuu,iNaturalist Observations,https://www.inaturalist.org/observations/50485689,,2020,6,21,US,Illinois,,41.987412,-87.726975,Agrilus planipennis
CC_BY_NC_4_0,dminett,iNaturalist Observations,https://www.inaturalist.org/observations/50708925,,2020,6,23,US,Wisconsin,,43.08563,-88.249156,Agrilus planipennis
CC_BY_NC_4_0,jpsefczek,iNaturalist Observations,https://www.inaturalist.org/observations/50566671,,2020,6,22,US,Virginia,,38.848726,-77.641737,Agrilus planipennis
CC_BY_NC_4_0,Deborah Barber,iNaturalist Observations,https://www.inaturalist.org/observations/44545196,,2020,4,25,US,Maryland,,38.986964,-77.245697,Agrilus planipennis
CC_BY_NC_4_0,Deborah Barber,iNaturalist Observations,https://www.inaturalist.org/observations/43826532,,2020,4,25,US,Virginia,,39.056756,-77.326225,Agrilus planipennis
CC_BY_NC_4_0,Alex Bowen,iNaturalist Observations,https://www.inaturalist.org/observations/49267241,Adult,2020,6,11,US,Kentucky,,37.804834,-82.864062,Agrilus planipennis
CC_BY_NC_4_0,Terrance McCarville,iNaturalist Observations,https://www.inaturalist.org/observations/48904483,,2020,6,4,US,New York,,42.771482,-78.719607,Agrilus planipennis
CC_BY_NC_4_0,Jackie Hoban,iNaturalist Observations,https://www.inaturalist.org/observations/48577964,,2020,6,5,US,Maryland,,39.4286,-77.398253,Agrilus planipennis
CC_BY_NC_4_0,Vail Ryan,iNaturalist Observations,https://www.inaturalist.org/observations/48703949,,2020,5,22,US,Virginia,,37.402166,-77.38738,Agrilus planipennis
CC_BY_NC_4_0,Jon,iNaturalist Observations,https://www.inaturalist.org/observations/49219964,,2020,6,11,US,New Jersey,,40.9,-74.59,Agrilus planipennis
CC_BY_NC_4_0,jmotsinger,iNaturalist Observations,https://www.inaturalist.org/observations/49119552,,2020,6,9,US,Missouri,,39.685367,-93.97187,Agrilus planipennis
CC_BY_NC_4_0,betsy_c,iNaturalist Observations,https://www.inaturalist.org/observations/49013443,,2020,6,9,US,New Jersey,,40.459579,-75.171681,Agrilus planipennis
CC_BY_NC_4_0,Matthew Sarver,iNaturalist Observations,https://www.inaturalist.org/observations/48493835,Adult,2020,6,4,US,Delaware,,39.800586,-75.628773,Agrilus planipennis
CC_BY_NC_4_0,Jackie Hoban,iNaturalist Observations,https://www.inaturalist.org/observations/48452831,,2020,6,4,US,Maryland,,39.428567,-77.39725,Agrilus planipennis
CC_BY_NC_4_0,mlj4823,iNaturalist Observations,https://www.inaturalist.org/observations/47274304,,2020,5,25,US,Missouri,,36.714384,-91.942609,Agrilus planipennis
CC_BY_NC_4_0,benguarente,iNaturalist Observations,https://www.inaturalist.org/observations/47030453,Adult,2020,5,23,US,Colorado,,40.191075,-105.120169,Agrilus planipennis
CC_BY_NC_4_0,Jessica Rowand,iNaturalist Observations,https://www.inaturalist.org/observations/40111052,,2020,3,16,US,Pennsylvania,,40.068334,-76.850604,Agrilus planipennis
CC_BY_NC_4_0,Kyhl Austin,iNaturalist Observations,https://www.inaturalist.org/observations/46679663,,2020,5,20,US,New York,,42.101088,-76.946728,Agrilus planipennis
CC_BY_NC_4_0,amaiorana,iNaturalist Observations,https://www.inaturalist.org/observations/45976668,,2020,5,13,US,North Carolina,,35.300662,-80.741619,Agrilus planipennis
CC_BY_NC_4_0,Tori Rottman-Turner,iNaturalist Observations,https://www.inaturalist.org/observations/40529168,,2020,3,22,US,Maryland,,39.389287,-76.571497,Agrilus planipennis
CC_BY_NC_4_0,Dra. Leah,iNaturalist Observations,https://www.inaturalist.org/observations/45110103,,2020,5,6,US,Wisconsin,,43.067631,-88.858996,Agrilus planipennis
CC_BY_NC_4_0,bjburgh,iNaturalist Observations,https://www.inaturalist.org/observations/44645813,,2020,5,2,US,Virginia,,39.102281,-77.69686,Agrilus planipennis
CC_BY_NC_4_0,andrewhipp,iNaturalist Observations,https://www.inaturalist.org/observations/44834266,,2020,5,3,US,Illinois,,41.790247,-88.022122,Agrilus planipennis
CC_BY_NC_4_0,Ken Rosenthal,iNaturalist Observations,https://www.inaturalist.org/observations/44217796,,2020,4,27,US,Virginia,,38.856158,-77.211838,Agrilus planipennis
CC_BY_NC_4_0,Mary Margaret,iNaturalist Observations,https://www.inaturalist.org/observations/43327405,,2020,4,25,US,New Jersey,,40.605477,-75.12906,Agrilus planipennis
CC_BY_NC_4_0,Ellen Rathbone,iNaturalist Observations,https://www.inaturalist.org/observations/43757388,,2020,4,26,US,Illinois,,42.485986,-89.25266,Agrilus planipennis
CC_BY_NC_4_0,bethj490,iNaturalist Observations,https://www.inaturalist.org/observations/43219462,,2020,4,24,US,North Carolina,,35.995003,-79.053925,Agrilus planipennis
CC_BY_NC_4_0,Ken Rosenthal,iNaturalist Observations,https://www.inaturalist.org/observations/43029639,,2020,4,2,US,Virginia,,38.857435,-77.210574,Agrilus planipennis
CC_BY_4_0,Sam Kieschnick,iNaturalist Observations,https://www.inaturalist.org/observations/43728175,,2020,4,26,US,Texas,,32.875547,-97.478708,Agrilus planipennis
CC_BY_NC_4_0,Alice Karakachian,iNaturalist Observations,https://www.inaturalist.org/observations/42615397,,2020,4,19,US,North Carolina,,35.991791,-79.046694,Agrilus planipennis
CC_BY_NC_4_0,Margarita Lankford,iNaturalist Observations,https://www.inaturalist.org/observations/42625397,,2020,4,19,US,North Carolina,,35.991791,-79.046694,Agrilus planipennis
CC_BY_NC_4_0,atlasbeetle,iNaturalist Observations,https://www.inaturalist.org/observations/42027294,,2020,4,12,US,Missouri,,38.766076,-91.084239,Agrilus planipennis
CC_BY_NC_4_0,Jessee J. Smith,iNaturalist Observations,https://www.inaturalist.org/observations/42041336,,2020,4,12,US,Ohio,,39.134706,-84.6941,Agrilus planipennis
CC0_1_0,Henry Frye,iNaturalist Observations,https://www.inaturalist.org/observations/41335423,,2020,4,2,US,Connecticut,,41.789259,-72.176782,Agrilus planipennis
CC_BY_NC_4_0,Matt Tomlinson,iNaturalist Observations,https://www.inaturalist.org/observations/41735720,,2020,4,6,US,Illinois,,37.775308,-89.33455,Agrilus planipennis
CC_BY_NC_4_0,bherson,iNaturalist Observations,https://www.inaturalist.org/observations/40752501,,2020,3,26,US,New York,,41.207441,-73.550251,Agrilus planipennis
CC_BY_NC_4_0,bherson,iNaturalist Observations,https://www.inaturalist.org/observations/40751648,,2020,3,26,US,New York,,41.210687,-73.538935,Agrilus planipennis
CC_BY_NC_4_0,bherson,iNaturalist Observations,https://www.inaturalist.org/observations/40752762,,2020,3,26,US,New York,,41.206145,-73.552465,Agrilus planipennis
CC_BY_NC_4_0,bherson,iNaturalist Observations,https://www.inaturalist.org/observations/40751685,,2020,3,26,US,New York,,41.210726,-73.539403,Agrilus planipennis
CC_BY_NC_4_0,bherson,iNaturalist Observations,https://www.inaturalist.org/observations/41238994,,2020,4,2,US,New York,,41.218636,-73.555244,Agrilus planipennis
CC_BY_NC_4_0,Gavin,iNaturalist Observations,https://www.inaturalist.org/observations/40574933,,2020,3,6,US,Ohio,,40.356242,-83.064393,Agrilus planipennis
CC_BY_NC_4_0,aidann,iNaturalist Observations,https://www.inaturalist.org/observations/41191780,,2020,4,1,US,Ohio,,39.265166,-84.465529,Agrilus planipennis
CC_BY_NC_4_0,aidann,iNaturalist Observations,https://www.inaturalist.org/observations/41191524,,2020,4,1,US,Ohio,,39.265166,-84.465529,Agrilus planipennis
CC_BY_NC_4_0,bherson,iNaturalist Observations,https://www.inaturalist.org/observations/40751559,,2020,3,26,US,New York,,41.210418,-73.538693,Agrilus planipennis
CC_BY_NC_4_0,bherson,iNaturalist Observations,https://www.inaturalist.org/observations/40751893,,2020,3,26,US,New York,,41.209752,-73.541658,Agrilus planipennis
CC_BY_NC_4_0,bherson,iNaturalist Observations,https://www.inaturalist.org/observations/40751734,,2020,3,26,US,New York,,41.210798,-73.539777,Agrilus planipennis
CC_BY_NC_4_0,Mike,iNaturalist Observations,https://www.inaturalist.org/observations/41060512,,2020,3,25,US,New York,,42.97091,-78.74849,Agrilus planipennis
CC_BY_4_0,Summit Metro Parks,iNaturalist Observations,https://www.inaturalist.org/observations/40055796,,2020,3,12,US,Ohio,,41.104468,-81.526096,Agrilus planipennis
CC_BY_NC_4_0,bkmertz,iNaturalist Observations,https://www.inaturalist.org/observations/39894662,,2020,3,12,US,New York,,41.598963,-73.578863,Agrilus planipennis
CC_BY_NC_4_0,Kate McNeece,iNaturalist Observations,https://www.inaturalist.org/observations/39708149,,2020,3,8,US,Ohio,,41.410317,-81.88423,Agrilus planipennis
CC_BY_NC_4_0,bird_person,iNaturalist Observations,https://www.inaturalist.org/observations/39713596,,2020,3,8,US,New Jersey,,40.572175,-74.766333,Agrilus planipennis
CC_BY_4_0,syvwlch,iNaturalist Observations,https://www.inaturalist.org/observations/37951662,,2020,1,24,US,New Jersey,,40.765575,-74.537452,Agrilus planipennis
CC_BY_NC_4_0,Matt Reala,iNaturalist Observations,https://www.inaturalist.org/observations/39731276,,2020,3,8,US,New York,,40.582917,-74.122978,Agrilus planipennis
CC_BY_NC_4_0,amlambert11,iNaturalist Observations,https://www.inaturalist.org/observations/39292304,,2020,2,27,US,Missouri,,38.588545,-92.232811,Agrilus planipennis
CC_BY_NC_4_0,amlambert11,iNaturalist Observations,https://www.inaturalist.org/observations/39221876,,2020,2,25,US,Missouri,,38.588515,-92.23279,Agrilus planipennis
CC_BY_4_0,John Abrams,iNaturalist Observations,https://www.inaturalist.org/observations/39185929,,2020,2,23,US,Kentucky,,37.592841,-84.21153,Agrilus planipennis
CC_BY_4_0,Mathew Zappa,iNaturalist Observations,https://www.inaturalist.org/observations/39222908,,2020,2,22,US,Minnesota,,44.879529,-93.180561,Agrilus planipennis
CC_BY_NC_4_0,dottiew,iNaturalist Observations,https://www.inaturalist.org/observations/39049320,,2020,2,3,US,New York,,41.2013,-74.110188,Agrilus planipennis
CC_BY_NC_4_0,Philip Careless,iNaturalist Observations,https://www.inaturalist.org/observations/38740412,,2020,2,16,US,New York,,42.093815,-76.871049,Agrilus planipennis
CC_BY_NC_4_0,charcat9,iNaturalist Observations,https://www.inaturalist.org/observations/38293598,,2020,2,2,US,Wisconsin,,43.122475,-87.96933,Agrilus planipennis
CC_BY_NC_4_0,rainbowkitten,iNaturalist Observations,https://www.inaturalist.org/observations/38274666,,2020,2,3,US,Ohio,,39.015052,-84.146981,Agrilus planipennis
CC_BY_NC_4_0,Philip Careless,iNaturalist Observations,https://www.inaturalist.org/observations/38623963,,2020,2,13,US,New York,,42.080877,-76.919104,Agrilus planipennis
CC_BY_NC_4_0,Philip Careless,iNaturalist Observations,https://www.inaturalist.org/observations/37937244,,2020,1,23,US,New York,,42.12286,-77.071625,Agrilus planipennis
CC_BY_NC_4_0,johnpand,iNaturalist Observations,https://www.inaturalist.org/observations/37564214,,2020,1,13,US,Connecticut,,42.027639,-73.142982,Agrilus planipennis
CC_BY_NC_4_0,bherson,iNaturalist Observations,https://www.inaturalist.org/observations/37275973,,2020,1,4,US,New York,,41.201208,-73.557928,Agrilus planipennis
CC_BY_NC_4_0,bherson,iNaturalist Observations,https://www.inaturalist.org/observations/37276855,,2020,1,4,US,New York,,41.203829,-73.553774,Agrilus planipennis
CC_BY_NC_4_0,bherson,iNaturalist Observations,https://www.inaturalist.org/observations/37276463,,2020,1,4,US,New York,,41.199452,-73.552216,Agrilus planipennis
CC_BY_NC_4_0,bherson,iNaturalist Observations,https://www.inaturalist.org/observations/37275979,,2020,1,4,US,New York,,41.199099,-73.558586,Agrilus planipennis
CC_BY_NC_4_0,Jeff Skrentny,iNaturalist Observations,https://www.inaturalist.org/observations/37165695,,2020,1,1,US,Illinois,,41.979738,-87.7415,Agrilus planipennis
