license,rightsHolder,Source,occurrenceID,lifeStage,year,month,day,countryCode,stateProvince,county,latitude,longitude,species
CC0_1_0,Regents of the University of Minnesota,UMSP UMSP,35c6fe03-a83a-42de-b146-7b0320cd4477,,2015,10,27,US,Minnesota,Ramsey,44.898,-93.16334,Agrilus planipennis
CC_BY_NC_4_0,Pete Woods,iNaturalist Observations,http://www.inaturalist.org/observations/1559167,,2015,5,8,US,Pennsylvania,,39.74804,-78.369903,Agrilus planipennis
CC_BY_NC_4_0,seoulmama,iNaturalist Observations,http://www.inaturalist.org/observations/1551859,,2015,5,27,US,Illinois,,41.566629,-87.611538,Agrilus planipennis
CC_BY_NC_4_0,Tomás Curtis,iNaturalist Observations,http://www.inaturalist.org/observations/2393890,,2015,11,17,US,Ohio,,41.101445,-81.441779,Agrilus planipennis
CC0_1_0,,BISON BugGuide,1081239,Adult,2015,6,4,US,Indiana,Scott,,,Agrilus planipennis
CC_BY_NC_4_0,Jeff Skrentny,iNaturalist Observations,http://www.inaturalist.org/observations/4647108,,2015,1,30,US,Illinois,,41.977159,-87.738855,Agrilus planipennis
CC_BY_NC_4_0,Kyle Jones,iNaturalist Observations,http://www.inaturalist.org/observations/1198577,,2015,1,28,US,Ohio,,40.096797,-83.109742,Agrilus planipennis
CC_BY_NC_4_0,Jeffrey G. Cramer,iNaturalist Observations,https://www.inaturalist.org/observations/5288705,,2015,6,27,US,Wisconsin,,42.683444,-87.797936,Agrilus planipennis
CC_BY_NC_4_0,seoulmama,iNaturalist Observations,http://www.inaturalist.org/observations/1551855,,2015,5,27,US,Illinois,,41.566629,-87.611567,Agrilus planipennis
CC_BY_NC_4_0,seoulmama,iNaturalist Observations,http://www.inaturalist.org/observations/1551856,,2015,5,27,US,Illinois,,41.566624,-87.611547,Agrilus planipennis
CC_BY_NC_4_0,Milo Pyne,iNaturalist Observations,http://www.inaturalist.org/observations/1826983,,2015,7,31,US,Virginia,,37.35154,-80.806545,Agrilus planipennis
CC_BY_NC_4_0,Jeffrey G. Cramer,iNaturalist Observations,https://www.inaturalist.org/observations/5288713,,2015,6,28,US,Wisconsin,,42.683431,-87.797875,Agrilus planipennis
CC_BY_NC_4_0,seoulmama,iNaturalist Observations,http://www.inaturalist.org/observations/1551857,,2015,5,27,US,Illinois,,41.566632,-87.611538,Agrilus planipennis
CC_BY_NC_4_0,seoulmama,iNaturalist Observations,http://www.inaturalist.org/observations/1551858,,2015,5,27,US,Illinois,,41.566629,-87.61154,Agrilus planipennis
CC_BY_NC_4_0,Charles Bartlett,UD UDCC,48912529-fc1d-4686-aa84-04172b9b4f5b,Adult,2015,6,5,US,Maryland,Allegany,39.631377,-78.392408,Agrilus planipennis
CC_BY_NC_4_0,Charles Bartlett,UD UDCC,f8310620-9d8f-4ab8-9d7f-0b889dcac85c,Adult,2015,6,5,US,Maryland,Allegany,39.631377,-78.392408,Agrilus planipennis
CC_BY_NC_4_0,Charles Bartlett,UD UDCC,0bf08af4-f40f-4a7a-8117-53b228311418,Adult,2015,6,5,US,Maryland,Allegany,,,Agrilus planipennis
CC_BY_NC_4_0,jpalus,iNaturalist Observations,http://www.inaturalist.org/observations/2487175,,2015,12,18,US,Ohio,,41.245676,-81.719141,Agrilus planipennis
CC_BY_NC_4_0,Amy Beth Workman,iNaturalist Observations,http://www.inaturalist.org/observations/1696748,,2015,6,26,US,Ohio,,40.700593,-82.552171,Agrilus planipennis
CC_BY_NC_4_0,mollymarquand,iNaturalist Observations,http://www.inaturalist.org/observations/1457132,,2015,5,5,US,New York,,41.929984,-74.200411,Agrilus planipennis
CC_BY_NC_4_0,arebee,iNaturalist Observations,http://www.inaturalist.org/observations/1569438,,2015,5,31,US,Illinois,,40.091995,-88.292045,Agrilus planipennis
