license,rightsHolder,Source,occurrenceID,lifeStage,year,month,day,countryCode,stateProvince,county,latitude,longitude,species
CC_BY_NC_4_0,Chuck Thomas,iNaturalist Observations,https://www.inaturalist.org/observations/69574267,,2014,10,2,US,Ohio,,41.390003,-81.548819,Agrilus planipennis
CC_BY_NC_4_0,Chuck Thomas,iNaturalist Observations,https://www.inaturalist.org/observations/68946916,,2014,8,1,US,Ohio,,41.206838,-81.753897,Agrilus planipennis
CC0_1_0,Katja Schulz,iNaturalist Observations,http://www.inaturalist.org/observations/749388,Adult,2014,5,31,US,District of Columbia,,38.973842,-77.039255,Agrilus planipennis
CC0_1_0,,BISON BugGuide,959215,Adult,2014,6,22,US,Illinois,Lake,,,Agrilus planipennis
CC0_1_0,,BISON BugGuide,1251455,Adult,2014,7,4,US,Kentucky,Letcher,,,Agrilus planipennis
CC0_1_0,,BISON BugGuide,943650,Adult,2014,6,22,US,Indiana,Allen,,,Agrilus planipennis
CC0_1_0,,BISON BugGuide,935739,Adult,2014,6,8,US,Illinois,Cook,,,Agrilus planipennis
CC0_1_0,,BISON BugGuide,938332,Adult,2014,6,9,US,Virginia,Fairfax,,,Agrilus planipennis
CC0_1_0,,BISON BugGuide,959067,Adult,2014,6,26,US,Illinois,Lake,,,Agrilus planipennis
CC0_1_0,,BISON BugGuide,1044380,Adult,2014,5,30,US,Ohio,Greene,,,Agrilus planipennis
CC0_1_0,,BISON BugGuide,955128,Adult,2014,7,8,US,Illinois,Cook,,,Agrilus planipennis
CC_BY_4_0,Ben Smith,iNaturalist Observations,https://www.inaturalist.org/observations/9131445,,2014,6,14,US,Virginia,,38.840391,-77.428877,Agrilus planipennis
CC_BY_NC_4_0,thedlund,iNaturalist Observations,https://www.inaturalist.org/observations/5281830,,2014,6,21,US,Illinois,,41.702488,-88.005639,Agrilus planipennis
CC_BY_NC_4_0,Dan Toth,iNaturalist Observations,https://www.inaturalist.org/observations/5950891,,2014,7,11,US,Ohio,,41.111851,-81.539931,Agrilus planipennis
CC_BY_NC_4_0,thedlund,iNaturalist Observations,https://www.inaturalist.org/observations/5281841,,2014,6,22,US,Illinois,,41.82697,-87.934722,Agrilus planipennis
CC_BY_4_0,Barcode of Life Datasystems, ,http://bins.boldsystems.org/index.php/Public_RecordView?processid=TMTER196-15,,2014,8,1,US,Ohio,,43.499,-80.2,Agrilus planipennis
CC_BY_4_0,Rob Curtis,iNaturalist Observations,http://www.inaturalist.org/observations/1093404,,2014,11,15,US,Ohio,,41.280825,-81.567812,Agrilus planipennis
CC_BY_4_0,John Harvey,iNaturalist Observations,http://www.inaturalist.org/observations/763565,,2014,6,30,US,Maryland,,39.632839,-79.122963,Agrilus planipennis
